"Genus_current";"Domain_analysis";"Class_analysis";"Species_class_count";"Article_count";"Chemical_entity_count";"Incidence_record_count";"Studied_species_in_genus";"Species_prevalence_within_genus"
"Acoelorraphe";"Other primary metabolites";"Organic acids";1;1;1;1;1;1
"Acrocomia";"Amino acids and peptides";"Amino acids and derivatives";1;1;1;2;4;0.25
"Acrocomia";"Amino acids and peptides";"Proteins/peptides";1;1;1;2;4;0.25
"Acrocomia";"Carbohydrates";"Polysaccharides";1;1;1;2;4;0.25
"Acrocomia";"Carbohydrates";"Sugars and carbohydrate derivatives";1;1;3;6;4;0.25
"Acrocomia";"Lipids and lipid-like molecules";"Fatty acids and derivatives";4;10;21;90;4;1
"Acrocomia";"Lipids and lipid-like molecules";"Other lipids";1;1;1;2;4;0.25
"Acrocomia";"Terpenoids and steroids";"Carotenoids and apocarotenoids";1;1;1;1;4;0.25
"Acrocomia";"Terpenoids and steroids";"Steroids and sterols";1;1;2;2;4;0.25
"Acrocomia";"Terpenoids and steroids";"Triterpenoids";1;1;4;4;4;0.25
"Adonidia";"Lipids and lipid-like molecules";"Fatty acids and derivatives";1;1;3;5;1;1
"Adonidia";"Other primary metabolites";"Organic acids";1;1;1;1;1;1
"Adonidia";"Terpenoids and steroids";"Carotenoids and apocarotenoids";1;1;4;4;1;1
"Aiphanes";"Carbohydrates";"Sugars and carbohydrate derivatives";1;1;1;1;3;0.333333333333333
"Aiphanes";"Lipids and lipid-like molecules";"Fatty acid esters";1;1;10;10;3;0.333333333333333
"Aiphanes";"Lipids and lipid-like molecules";"Fatty acids and derivatives";1;2;10;10;3;0.333333333333333
"Aiphanes";"Lipids and lipid-like molecules";"Fatty alcohols and wax constituents";1;1;3;3;3;0.333333333333333
"Aiphanes";"Lipids and lipid-like molecules";"Hydrocarbons";2;2;9;10;3;0.666666666666667
"Aiphanes";"Other primary metabolites";"Organic acids";1;1;1;1;3;0.333333333333333
"Aiphanes";"Other specialized metabolites";"Volatile organic compounds";2;2;11;11;3;0.666666666666667
"Aiphanes";"Phenylpropanoids and polyketides";"Anthocyanins";1;1;4;4;3;0.333333333333333
"Aiphanes";"Phenylpropanoids and polyketides";"Coumarins";1;1;4;4;3;0.333333333333333
"Aiphanes";"Phenylpropanoids and polyketides";"Flavanols and flavans";1;1;1;1;3;0.333333333333333
"Aiphanes";"Phenylpropanoids and polyketides";"Flavanones";1;2;2;2;3;0.333333333333333
"Aiphanes";"Phenylpropanoids and polyketides";"Flavones";2;2;13;14;3;0.666666666666667
"Aiphanes";"Phenylpropanoids and polyketides";"Flavonols";1;2;5;9;3;0.333333333333333
"Aiphanes";"Phenylpropanoids and polyketides";"Lignans and neolignans";2;2;4;4;3;0.666666666666667
"Aiphanes";"Phenylpropanoids and polyketides";"Other phenolics";1;2;4;4;3;0.333333333333333
"Aiphanes";"Phenylpropanoids and polyketides";"Other/unspecified flavonoids";1;1;9;9;3;0.333333333333333
"Aiphanes";"Phenylpropanoids and polyketides";"Phenolic acids and derivatives";1;2;12;13;3;0.333333333333333
"Aiphanes";"Phenylpropanoids and polyketides";"Proanthocyanidins";1;1;1;1;3;0.333333333333333
"Aiphanes";"Phenylpropanoids and polyketides";"Stilbenoids";2;2;3;3;3;0.666666666666667
"Aiphanes";"Terpenoids and steroids";"Monoterpenoids";1;1;1;1;3;0.333333333333333
"Aiphanes";"Terpenoids and steroids";"Other terpenoids";1;1;2;2;3;0.333333333333333
"Aiphanes";"Terpenoids and steroids";"Sesquiterpenoids";1;1;1;1;3;0.333333333333333
"Aiphanes";"Terpenoids and steroids";"Steroids and sterols";1;1;1;1;3;0.333333333333333
"Aiphanes";"Terpenoids and steroids";"Tocochromanols";1;1;1;1;3;0.333333333333333
"Allagoptera";"Other primary metabolites";"Organic acids";1;1;1;1;1;1
"Ammandra";"Lipids and lipid-like molecules";"Fatty acids and derivatives";1;1;12;12;1;1
"Aphandra";"Lipids and lipid-like molecules";"Fatty acids and derivatives";1;2;13;18;1;1
"Aphandra";"Terpenoids and steroids";"Tocochromanols";1;1;1;1;1;1
"Archontophoenix";"Carbohydrates";"Sugars and carbohydrate derivatives";1;1;2;2;2;0.5
"Archontophoenix";"Lipids and lipid-like molecules";"Fatty acids and derivatives";1;2;8;16;2;0.5
"Archontophoenix";"Other primary metabolites";"Organic acids";1;1;1;1;2;0.5
"Archontophoenix";"Phenylpropanoids and polyketides";"Flavonols";1;1;2;2;2;0.5
"Archontophoenix";"Phenylpropanoids and polyketides";"Other phenolics";1;1;1;1;2;0.5
"Archontophoenix";"Phenylpropanoids and polyketides";"Other/unspecified flavonoids";1;1;1;1;2;0.5
"Archontophoenix";"Phenylpropanoids and polyketides";"Phenolic acids and derivatives";1;1;2;2;2;0.5
"Archontophoenix";"Terpenoids and steroids";"Steroids and sterols";1;1;1;1;2;0.5
"Archontophoenix";"Terpenoids and steroids";"Triterpenoids";1;1;1;1;2;0.5
"Areca";"Alkaloids and nitrogen compounds";"Other alkaloids/nitrogen compounds";2;10;15;56;3;0.666666666666667
"Areca";"Alkaloids and nitrogen compounds";"Piperidine alkaloids";2;10;19;33;3;0.666666666666667
"Areca";"Carbohydrates";"Sugars and carbohydrate derivatives";1;1;11;11;3;0.333333333333333
"Areca";"Other primary metabolites";"Organic acids";2;2;4;4;3;0.666666666666667
"Areca";"Phenylpropanoids and polyketides";"Anthocyanins";1;4;2;5;3;0.333333333333333
"Areca";"Phenylpropanoids and polyketides";"Flavanols and flavans";1;6;4;12;3;0.333333333333333
"Areca";"Phenylpropanoids and polyketides";"Flavanones";1;1;4;4;3;0.333333333333333
"Areca";"Phenylpropanoids and polyketides";"Flavones";1;1;4;4;3;0.333333333333333
"Areca";"Phenylpropanoids and polyketides";"Flavonols";1;1;2;2;3;0.333333333333333
"Areca";"Phenylpropanoids and polyketides";"Lignans and neolignans";1;1;1;1;3;0.333333333333333
"Areca";"Phenylpropanoids and polyketides";"Other phenolics";1;2;3;3;3;0.333333333333333
"Areca";"Phenylpropanoids and polyketides";"Other/unspecified flavonoids";1;1;2;2;3;0.333333333333333
"Areca";"Phenylpropanoids and polyketides";"Phenolic acids and derivatives";2;2;7;10;3;0.666666666666667
"Areca";"Phenylpropanoids and polyketides";"Proanthocyanidins";1;2;15;17;3;0.333333333333333
"Areca";"Phenylpropanoids and polyketides";"Stilbenoids";1;2;2;2;3;0.333333333333333
"Areca";"Terpenoids and steroids";"Carotenoids and apocarotenoids";1;1;1;1;3;0.333333333333333
"Areca";"Terpenoids and steroids";"Monoterpenoids";1;1;1;1;3;0.333333333333333
"Areca";"Terpenoids and steroids";"Saponins";1;1;1;1;3;0.333333333333333
"Areca";"Terpenoids and steroids";"Steroids and sterols";1;1;2;2;3;0.333333333333333
"Areca";"Terpenoids and steroids";"Triterpenoids";1;1;1;1;3;0.333333333333333
"Arenga";"Lipids and lipid-like molecules";"Fatty acids and derivatives";1;1;8;8;2;0.5
"Arenga";"Other primary metabolites";"Organic acids";1;1;1;1;2;0.5
"Arenga";"Phenylpropanoids and polyketides";"Flavanols and flavans";1;1;1;1;2;0.5
"Arenga";"Phenylpropanoids and polyketides";"Phenolic acids and derivatives";0;1;2;2;2;0
"Astrocaryum";"Lipids and lipid-like molecules";"Fatty acid esters";1;1;2;2;4;0.25
"Astrocaryum";"Lipids and lipid-like molecules";"Fatty acids and derivatives";3;5;24;51;4;0.75
"Astrocaryum";"Lipids and lipid-like molecules";"Fatty alcohols and wax constituents";1;1;2;2;4;0.25
"Astrocaryum";"Lipids and lipid-like molecules";"Glycerolipids";1;1;11;11;4;0.25
"Astrocaryum";"Terpenoids and steroids";"Carotenoids and apocarotenoids";1;1;1;1;4;0.25
"Astrocaryum";"Terpenoids and steroids";"Steroids and sterols";1;1;6;6;4;0.25
"Astrocaryum";"Terpenoids and steroids";"Tocochromanols";1;1;6;6;4;0.25
"Astrocaryum";"Vitamins and cofactors";"Vitamins/cofactors";1;1;5;5;4;0.25
"Attalea";"Carbohydrates";"Sugars and carbohydrate derivatives";1;1;3;3;6;0.166666666666667
"Attalea";"Lipids and lipid-like molecules";"Fatty acid esters";1;1;1;1;6;0.166666666666667
"Attalea";"Lipids and lipid-like molecules";"Fatty acids and derivatives";5;8;25;110;6;0.833333333333333
"Attalea";"Lipids and lipid-like molecules";"Fatty alcohols and wax constituents";1;1;2;2;6;0.166666666666667
"Attalea";"Lipids and lipid-like molecules";"Glycerolipids";1;1;24;24;6;0.166666666666667
"Attalea";"Lipids and lipid-like molecules";"Hydrocarbons";1;1;8;8;6;0.166666666666667
"Attalea";"Other specialized metabolites";"Volatile organic compounds";1;1;9;9;6;0.166666666666667
"Attalea";"Phenylpropanoids and polyketides";"Flavones";1;1;1;1;6;0.166666666666667
"Attalea";"Phenylpropanoids and polyketides";"Phenolic acids and derivatives";1;1;1;1;6;0.166666666666667
"Attalea";"Terpenoids and steroids";"Diterpenoids";1;1;1;1;6;0.166666666666667
"Attalea";"Terpenoids and steroids";"Other terpenoids";1;1;4;4;6;0.166666666666667
"Attalea";"Terpenoids and steroids";"Sesquiterpenoids";1;1;2;2;6;0.166666666666667
"Attalea";"Terpenoids and steroids";"Tocochromanols";1;1;2;2;6;0.166666666666667
"Attalea";"Terpenoids and steroids";"Triterpenoids";3;2;4;4;6;0.5
"Bactris";"Carbohydrates";"Polysaccharides";1;1;1;1;3;0.333333333333333
"Bactris";"Lipids and lipid-like molecules";"Fatty acids and derivatives";2;7;23;63;3;0.666666666666667
"Bactris";"Lipids and lipid-like molecules";"Glycerolipids";1;1;11;11;3;0.333333333333333
"Bactris";"Other specialized metabolites";"Volatile organic compounds";2;2;3;3;3;0.666666666666667
"Bactris";"Phenylpropanoids and polyketides";"Anthocyanins";2;4;22;30;3;0.666666666666667
"Bactris";"Phenylpropanoids and polyketides";"Flavanols and flavans";2;3;4;6;3;0.666666666666667
"Bactris";"Phenylpropanoids and polyketides";"Flavones";2;2;5;5;3;0.666666666666667
"Bactris";"Phenylpropanoids and polyketides";"Flavonols";2;4;3;6;3;0.666666666666667
"Bactris";"Phenylpropanoids and polyketides";"Other phenolics";2;3;28;28;3;0.666666666666667
"Bactris";"Phenylpropanoids and polyketides";"Other/unspecified flavonoids";1;1;3;3;3;0.333333333333333
"Bactris";"Phenylpropanoids and polyketides";"Phenolic acids and derivatives";2;2;7;7;3;0.666666666666667
"Bactris";"Phenylpropanoids and polyketides";"Proanthocyanidins";1;1;1;1;3;0.333333333333333
"Bactris";"Phenylpropanoids and polyketides";"Stilbenoids";2;2;1;2;3;0.666666666666667
"Bactris";"Terpenoids and steroids";"Carotenoids and apocarotenoids";3;4;11;12;3;1
"Bactris";"Terpenoids and steroids";"Monoterpenoids";1;1;2;2;3;0.333333333333333
"Bactris";"Terpenoids and steroids";"Steroids and sterols";1;2;8;12;3;0.333333333333333
"Bactris";"Terpenoids and steroids";"Tocochromanols";2;2;3;4;3;0.666666666666667
"Bactris";"Terpenoids and steroids";"Triterpenoids";1;1;1;1;3;0.333333333333333
"Bactris";"Vitamins and cofactors";"Vitamins/cofactors";1;1;1;1;3;0.333333333333333
"Bentinckia";"Phenylpropanoids and polyketides";"Phenolic acids and derivatives";1;1;3;3;1;1
"Bismarckia";"Other primary metabolites";"Organic acids";1;1;1;1;1;1
"Borassus";"Amino acids and peptides";"Proteins/peptides";1;1;1;1;1;1
"Borassus";"Carbohydrates";"Polysaccharides";1;1;1;1;1;1
"Borassus";"Carbohydrates";"Sugars and carbohydrate derivatives";1;1;2;2;1;1
"Borassus";"Other primary metabolites";"Organic acids";1;1;1;1;1;1
"Borassus";"Phenylpropanoids and polyketides";"Coumarins";1;1;1;1;1;1
"Borassus";"Phenylpropanoids and polyketides";"Flavanols and flavans";1;1;1;1;1;1
"Borassus";"Phenylpropanoids and polyketides";"Flavonols";1;2;1;2;1;1
"Borassus";"Phenylpropanoids and polyketides";"Other phenolics";1;1;1;1;1;1
"Borassus";"Phenylpropanoids and polyketides";"Phenolic acids and derivatives";1;3;6;8;1;1
"Borassus";"Terpenoids and steroids";"Diterpenoids";1;1;1;1;1;1
"Borassus";"Terpenoids and steroids";"Other terpenoids";1;1;1;1;1;1
"Borassus";"Terpenoids and steroids";"Saponins";1;1;25;25;1;1
"Borassus";"Terpenoids and steroids";"Steroids and sterols";1;1;4;4;1;1
"Borassus";"Terpenoids and steroids";"Triterpenoids";1;1;1;1;1;1
"Borassus";"Vitamins and cofactors";"Vitamins/cofactors";1;1;1;1;1;1
"Butia";"Amino acids and peptides";"Amino acids and derivatives";4;1;3;12;8;0.5
"Butia";"Amino acids and peptides";"Proteins/peptides";4;1;11;44;8;0.5
"Butia";"Carbohydrates";"Sugars and carbohydrate derivatives";0;1;2;2;8;0
"Butia";"Lipids and lipid-like molecules";"Fatty acids and derivatives";6;6;23;99;8;0.75
"Butia";"Other primary metabolites";"Organic acids";2;3;9;10;8;0.25
"Butia";"Phenylpropanoids and polyketides";"Anthocyanins";4;1;1;4;8;0.5
"Butia";"Phenylpropanoids and polyketides";"Flavanols and flavans";6;6;5;20;8;0.75
"Butia";"Phenylpropanoids and polyketides";"Flavanones";3;3;3;5;8;0.375
"Butia";"Phenylpropanoids and polyketides";"Flavones";7;5;2;12;8;0.875
"Butia";"Phenylpropanoids and polyketides";"Flavonols";7;7;7;42;8;0.875
"Butia";"Phenylpropanoids and polyketides";"Other phenolics";5;3;3;8;8;0.625
"Butia";"Phenylpropanoids and polyketides";"Other/unspecified flavonoids";6;4;14;38;8;0.75
"Butia";"Phenylpropanoids and polyketides";"Phenolic acids and derivatives";8;7;22;100;8;1
"Butia";"Phenylpropanoids and polyketides";"Stilbenoids";4;3;2;6;8;0.5
"Butia";"Terpenoids and steroids";"Carotenoids and apocarotenoids";1;1;1;1;8;0.125
"Butia";"Terpenoids and steroids";"Tocochromanols";1;1;5;5;8;0.125
"Butia";"Terpenoids and steroids";"Triterpenoids";1;1;1;1;8;0.125
"Butia";"Vitamins and cofactors";"Vitamins/cofactors";1;3;2;3;8;0.125
"Calamus";"Phenylpropanoids and polyketides";"Flavanols and flavans";1;1;7;7;5;0.2
"Calamus";"Phenylpropanoids and polyketides";"Flavanones";1;1;2;2;5;0.2
"Calamus";"Phenylpropanoids and polyketides";"Flavones";1;1;1;1;5;0.2
"Calamus";"Phenylpropanoids and polyketides";"Flavonols";1;1;6;6;5;0.2
"Calamus";"Phenylpropanoids and polyketides";"Isoflavonoids";1;1;2;2;5;0.2
"Calamus";"Phenylpropanoids and polyketides";"Other/unspecified flavonoids";2;3;9;9;5;0.4
"Calamus";"Phenylpropanoids and polyketides";"Phenolic acids and derivatives";1;1;1;1;5;0.2
"Calamus";"Terpenoids and steroids";"Carotenoids and apocarotenoids";1;1;1;1;5;0.2
"Calamus";"Terpenoids and steroids";"Saponins";3;3;7;9;5;0.6
"Calamus";"Terpenoids and steroids";"Steroids and sterols";2;2;7;8;5;0.4
"Calyptrocalyx";"Other primary metabolites";"Organic acids";1;1;1;1;1;1
"Carpentaria";"Other primary metabolites";"Organic acids";1;1;1;1;1;1
"Carpentaria";"Phenylpropanoids and polyketides";"Phenolic acids and derivatives";0;1;3;3;1;0
"Carpoxylon";"Lipids and lipid-like molecules";"Fatty acid esters";1;1;1;1;1;1
"Carpoxylon";"Lipids and lipid-like molecules";"Fatty acids and derivatives";1;1;1;1;1;1
"Carpoxylon";"Lipids and lipid-like molecules";"Fatty alcohols and wax constituents";1;1;1;1;1;1
"Carpoxylon";"Lipids and lipid-like molecules";"Hydrocarbons";1;1;6;6;1;1
"Carpoxylon";"Other specialized metabolites";"Volatile organic compounds";1;1;2;2;1;1
"Carpoxylon";"Phenylpropanoids and polyketides";"Flavanols and flavans";1;1;2;2;1;1
"Carpoxylon";"Phenylpropanoids and polyketides";"Flavanones";1;2;2;3;1;1
"Carpoxylon";"Phenylpropanoids and polyketides";"Flavonols";1;2;7;8;1;1
"Carpoxylon";"Phenylpropanoids and polyketides";"Other phenolics";1;1;3;3;1;1
"Carpoxylon";"Phenylpropanoids and polyketides";"Phenolic acids and derivatives";1;2;10;13;1;1
"Carpoxylon";"Phenylpropanoids and polyketides";"Proanthocyanidins";1;1;1;1;1;1
"Carpoxylon";"Terpenoids and steroids";"Sesquiterpenoids";1;1;1;1;1;1
"Carpoxylon";"Terpenoids and steroids";"Steroids and sterols";1;1;1;1;1;1
"Carpoxylon";"Terpenoids and steroids";"Tocochromanols";1;1;1;1;1;1
"Carpoxylon";"Terpenoids and steroids";"Triterpenoids";1;1;1;1;1;1
"Caryota";"Carbohydrates";"Polysaccharides";1;1;2;2;3;0.333333333333333
"Caryota";"Carbohydrates";"Sugars and carbohydrate derivatives";1;1;1;1;3;0.333333333333333
"Caryota";"Lipids and lipid-like molecules";"Sphingolipids";1;1;1;1;3;0.333333333333333
"Caryota";"Other primary metabolites";"Organic acids";1;1;1;1;3;0.333333333333333
"Caryota";"Phenylpropanoids and polyketides";"Flavones";1;1;1;1;3;0.333333333333333
"Caryota";"Phenylpropanoids and polyketides";"Flavonols";1;2;4;5;3;0.333333333333333
"Caryota";"Phenylpropanoids and polyketides";"Lignans and neolignans";1;1;5;5;3;0.333333333333333
"Caryota";"Phenylpropanoids and polyketides";"Other/unspecified flavonoids";1;1;3;3;3;0.333333333333333
"Caryota";"Phenylpropanoids and polyketides";"Phenolic acids and derivatives";2;3;4;6;3;0.666666666666667
"Caryota";"Phenylpropanoids and polyketides";"Stilbenoids";2;2;5;5;3;0.666666666666667
"Caryota";"Terpenoids and steroids";"Steroids and sterols";0;1;1;1;3;0
"Ceroxylon";"Lipids and lipid-like molecules";"Hydrocarbons";1;1;3;3;1;1
"Chamaedorea";"Carbohydrates";"Sugars and carbohydrate derivatives";1;1;1;1;8;0.125
"Chamaedorea";"Lipids and lipid-like molecules";"Fatty acid esters";1;1;1;1;8;0.125
"Chamaedorea";"Lipids and lipid-like molecules";"Fatty acids and derivatives";2;1;8;13;8;0.25
"Chamaedorea";"Other primary metabolites";"Organic acids";5;1;1;5;8;0.625
"Chamaedorea";"Phenylpropanoids and polyketides";"Flavanols and flavans";1;1;1;1;8;0.125
"Chamaedorea";"Terpenoids and steroids";"Monoterpenoids";1;1;3;3;8;0.125
"Chamaedorea";"Terpenoids and steroids";"Sesquiterpenoids";1;1;1;1;8;0.125
"Chamaedorea";"Terpenoids and steroids";"Steroids and sterols";2;2;2;2;8;0.25
"Chamaedorea";"Terpenoids and steroids";"Triterpenoids";1;1;2;2;8;0.125
"Chamaerops";"Lipids and lipid-like molecules";"Fatty acid esters";1;1;11;11;1;1
"Chamaerops";"Lipids and lipid-like molecules";"Fatty acids and derivatives";1;5;21;43;1;1
"Chamaerops";"Lipids and lipid-like molecules";"Fatty alcohols and wax constituents";1;1;2;2;1;1
"Chamaerops";"Lipids and lipid-like molecules";"Hydrocarbons";1;1;15;15;1;1
"Chamaerops";"Other primary metabolites";"Organic acids";1;1;1;1;1;1
"Chamaerops";"Other specialized metabolites";"Volatile organic compounds";1;2;20;20;1;1
"Chamaerops";"Phenylpropanoids and polyketides";"Flavanols and flavans";1;2;2;2;1;1
"Chamaerops";"Phenylpropanoids and polyketides";"Flavanones";1;1;2;2;1;1
"Chamaerops";"Phenylpropanoids and polyketides";"Flavones";1;3;5;5;1;1
"Chamaerops";"Phenylpropanoids and polyketides";"Flavonols";1;3;5;7;1;1
"Chamaerops";"Phenylpropanoids and polyketides";"Isoflavonoids";1;1;1;1;1;1
"Chamaerops";"Phenylpropanoids and polyketides";"Other/unspecified flavonoids";1;1;2;2;1;1
"Chamaerops";"Phenylpropanoids and polyketides";"Phenolic acids and derivatives";1;3;29;34;1;1
"Chamaerops";"Terpenoids and steroids";"Monoterpenoids";1;1;2;2;1;1
"Chamaerops";"Terpenoids and steroids";"Other terpenoids";1;1;3;3;1;1
"Chamaerops";"Terpenoids and steroids";"Saponins";1;1;1;1;1;1
"Chamaerops";"Terpenoids and steroids";"Sesquiterpenoids";1;1;1;1;1;1
"Chamaerops";"Terpenoids and steroids";"Steroids and sterols";1;2;3;4;1;1
"Chamaerops";"Terpenoids and steroids";"Tocochromanols";1;2;6;6;1;1
"Chamaerops";"Terpenoids and steroids";"Triterpenoids";1;2;2;2;1;1
"Chambeyronia";"Lipids and lipid-like molecules";"Fatty acids and derivatives";1;1;8;8;1;1
"Chambeyronia";"Phenylpropanoids and polyketides";"Phenolic acids and derivatives";1;1;1;1;1;1
"Chelyocarpus";"Other specialized metabolites";"Volatile organic compounds";1;1;2;2;1;1
"Chelyocarpus";"Terpenoids and steroids";"Monoterpenoids";1;1;1;1;1;1
"Chrysalidocarpus";"Carbohydrates";"Sugars and carbohydrate derivatives";2;2;5;5;5;0.4
"Chrysalidocarpus";"Lipids and lipid-like molecules";"Fatty acids and derivatives";2;2;15;21;5;0.4
"Chrysalidocarpus";"Other primary metabolites";"Organic acids";3;1;1;3;5;0.6
"Chrysalidocarpus";"Phenylpropanoids and polyketides";"Anthocyanins";2;2;2;3;5;0.4
"Chrysalidocarpus";"Phenylpropanoids and polyketides";"Flavanols and flavans";1;1;2;2;5;0.2
"Chrysalidocarpus";"Phenylpropanoids and polyketides";"Flavones";3;3;6;7;5;0.6
"Chrysalidocarpus";"Phenylpropanoids and polyketides";"Flavonols";3;3;6;8;5;0.6
"Chrysalidocarpus";"Phenylpropanoids and polyketides";"Lignans and neolignans";1;1;2;2;5;0.2
"Chrysalidocarpus";"Phenylpropanoids and polyketides";"Other phenolics";2;2;2;3;5;0.4
"Chrysalidocarpus";"Phenylpropanoids and polyketides";"Other/unspecified flavonoids";1;1;6;6;5;0.2
"Chrysalidocarpus";"Phenylpropanoids and polyketides";"Phenolic acids and derivatives";1;1;1;1;5;0.2
"Chrysalidocarpus";"Phenylpropanoids and polyketides";"Proanthocyanidins";1;1;3;3;5;0.2
"Chrysalidocarpus";"Phenylpropanoids and polyketides";"Stilbenoids";1;1;1;1;5;0.2
"Chrysalidocarpus";"Terpenoids and steroids";"Other terpenoids";1;1;1;1;5;0.2
"Chrysalidocarpus";"Terpenoids and steroids";"Steroids and sterols";3;3;8;10;5;0.6
"Chrysalidocarpus";"Terpenoids and steroids";"Triterpenoids";1;1;2;2;5;0.2
"Coccothrinax";"Other primary metabolites";"Organic acids";3;1;1;3;3;1
"Cocos";"Amino acids and peptides";"Proteins/peptides";1;1;14;14;1;1
"Cocos";"Lipids and lipid-like molecules";"Fatty acid esters";1;1;3;3;1;1
"Cocos";"Lipids and lipid-like molecules";"Fatty acids and derivatives";1;6;13;42;1;1
"Cocos";"Lipids and lipid-like molecules";"Glycerolipids";1;1;4;4;1;1
"Cocos";"Lipids and lipid-like molecules";"Hydrocarbons";1;1;3;3;1;1
"Cocos";"Lipids and lipid-like molecules";"Other lipids";1;1;2;2;1;1
"Cocos";"Lipids and lipid-like molecules";"Sphingolipids";1;1;1;1;1;1
"Cocos";"Other primary metabolites";"Organic acids";1;1;1;1;1;1
"Cocos";"Other specialized metabolites";"Chlorophylls and pheophytins";1;1;3;3;1;1
"Cocos";"Other specialized metabolites";"Plant hormone";1;1;2;2;1;1
"Cocos";"Other specialized metabolites";"Volatile organic compounds";1;2;28;29;1;1
"Cocos";"Phenylpropanoids and polyketides";"Anthocyanins";1;2;3;3;1;1
"Cocos";"Phenylpropanoids and polyketides";"Flavanols and flavans";1;6;6;13;1;1
"Cocos";"Phenylpropanoids and polyketides";"Flavanones";1;2;2;2;1;1
"Cocos";"Phenylpropanoids and polyketides";"Flavones";1;3;12;13;1;1
"Cocos";"Phenylpropanoids and polyketides";"Flavonols";1;3;6;7;1;1
"Cocos";"Phenylpropanoids and polyketides";"Isoflavonoids";1;3;8;8;1;1
"Cocos";"Phenylpropanoids and polyketides";"Lignans and neolignans";1;1;2;2;1;1
"Cocos";"Phenylpropanoids and polyketides";"Other phenolics";1;4;10;11;1;1
"Cocos";"Phenylpropanoids and polyketides";"Other/unspecified flavonoids";1;1;4;4;1;1
"Cocos";"Phenylpropanoids and polyketides";"Phenolic acids and derivatives";1;8;15;32;1;1
"Cocos";"Phenylpropanoids and polyketides";"Proanthocyanidins";1;1;3;3;1;1
"Cocos";"Phenylpropanoids and polyketides";"Stilbenoids";1;1;1;1;1;1
"Cocos";"Terpenoids and steroids";"Monoterpenoids";1;1;1;1;1;1
"Cocos";"Terpenoids and steroids";"Other terpenoids";1;1;2;2;1;1
"Cocos";"Terpenoids and steroids";"Sesquiterpenoids";1;1;1;1;1;1
"Cocos";"Terpenoids and steroids";"Steroids and sterols";1;2;4;5;1;1
"Cocos";"Terpenoids and steroids";"Tocochromanols";1;1;1;1;1;1
"Cocos";"Terpenoids and steroids";"Triterpenoids";1;2;5;5;1;1
"Colpothrinax";"Lipids and lipid-like molecules";"Fatty acids and derivatives";1;1;9;9;1;1
"Copernicia";"Carbohydrates";"Polysaccharides";1;1;1;1;3;0.333333333333333
"Copernicia";"Carbohydrates";"Sugars and carbohydrate derivatives";1;1;3;3;3;0.333333333333333
"Copernicia";"Lipids and lipid-like molecules";"Fatty acids and derivatives";1;1;16;25;3;0.333333333333333
"Copernicia";"Lipids and lipid-like molecules";"Fatty alcohols and wax constituents";1;1;3;3;3;0.333333333333333
"Copernicia";"Lipids and lipid-like molecules";"Other lipids";1;1;1;1;3;0.333333333333333
"Copernicia";"Other primary metabolites";"Organic acids";1;1;1;1;3;0.333333333333333
"Copernicia";"Phenylpropanoids and polyketides";"Flavanols and flavans";1;1;1;1;3;0.333333333333333
"Copernicia";"Phenylpropanoids and polyketides";"Phenolic acids and derivatives";1;1;2;2;3;0.333333333333333
"Copernicia";"Terpenoids and steroids";"Steroids and sterols";1;1;4;4;3;0.333333333333333
"Copernicia";"Terpenoids and steroids";"Triterpenoids";1;2;18;19;3;0.333333333333333
"Corypha";"Terpenoids and steroids";"Steroids and sterols";1;1;1;1;1;1
"Dictyosperma";"Carbohydrates";"Sugars and carbohydrate derivatives";1;1;2;2;1;1
"Dictyosperma";"Lipids and lipid-like molecules";"Fatty acids and derivatives";1;1;5;5;1;1
"Dictyosperma";"Other primary metabolites";"Organic acids";1;1;1;1;1;1
"Dictyosperma";"Phenylpropanoids and polyketides";"Other phenolics";1;1;1;1;1;1
"Dictyosperma";"Phenylpropanoids and polyketides";"Other/unspecified flavonoids";1;1;1;1;1;1
"Dictyosperma";"Terpenoids and steroids";"Carotenoids and apocarotenoids";1;1;6;6;1;1
"Dictyosperma";"Terpenoids and steroids";"Steroids and sterols";1;1;1;1;1;1
"Dictyosperma";"Terpenoids and steroids";"Triterpenoids";1;1;1;1;1;1
"Dictyospermum";"Phenylpropanoids and polyketides";"Phenolic acids and derivatives";0;1;3;3;0;
"Elaeis";"Lipids and lipid-like molecules";"Fatty acids and derivatives";2;7;22;116;2;1
"Elaeis";"Lipids and lipid-like molecules";"Fatty alcohols and wax constituents";1;1;4;4;2;0.5
"Elaeis";"Lipids and lipid-like molecules";"Other lipids";1;1;12;13;2;0.5
"Elaeis";"Other primary metabolites";"Organic acids";1;1;1;1;2;0.5
"Elaeis";"Phenylpropanoids and polyketides";"Phenolic acids and derivatives";1;1;2;2;2;0.5
"Elaeis";"Terpenoids and steroids";"Carotenoids and apocarotenoids";1;2;4;6;2;0.5
"Elaeis";"Terpenoids and steroids";"Other terpenoids";1;1;20;28;2;0.5
"Elaeis";"Terpenoids and steroids";"Triterpenoids";1;1;2;2;2;0.5
"Euterpe";"Amino acids and peptides";"Amino acids and derivatives";1;1;3;3;3;0.333333333333333
"Euterpe";"Amino acids and peptides";"Proteins/peptides";1;1;11;11;3;0.333333333333333
"Euterpe";"Carbohydrates";"Polysaccharides";1;1;4;4;3;0.333333333333333
"Euterpe";"Carbohydrates";"Sugars and carbohydrate derivatives";2;3;10;10;3;0.666666666666667
"Euterpe";"Lipids and lipid-like molecules";"Fatty acids and derivatives";2;4;13;23;3;0.666666666666667
"Euterpe";"Other primary metabolites";"Other primary metabolites";1;1;1;1;3;0.333333333333333
"Euterpe";"Phenylpropanoids and polyketides";"Anthocyanins";2;11;14;31;3;0.666666666666667
"Euterpe";"Phenylpropanoids and polyketides";"Flavanols and flavans";1;2;3;3;3;0.333333333333333
"Euterpe";"Phenylpropanoids and polyketides";"Flavones";2;2;3;3;3;0.666666666666667
"Euterpe";"Phenylpropanoids and polyketides";"Flavonols";2;2;5;6;3;0.666666666666667
"Euterpe";"Phenylpropanoids and polyketides";"Lignans and neolignans";2;3;12;12;3;0.666666666666667
"Euterpe";"Phenylpropanoids and polyketides";"Other phenolics";2;3;7;7;3;0.666666666666667
"Euterpe";"Phenylpropanoids and polyketides";"Other/unspecified flavonoids";2;3;3;3;3;0.666666666666667
"Euterpe";"Phenylpropanoids and polyketides";"Phenolic acids and derivatives";3;6;14;17;3;1
"Euterpe";"Phenylpropanoids and polyketides";"Proanthocyanidins";1;1;2;2;3;0.333333333333333
"Euterpe";"Terpenoids and steroids";"Carotenoids and apocarotenoids";1;1;2;2;3;0.333333333333333
"Euterpe";"Terpenoids and steroids";"Monoterpenoids";1;1;3;3;3;0.333333333333333
"Euterpe";"Terpenoids and steroids";"Steroids and sterols";1;1;5;9;3;0.333333333333333
"Euterpe";"Terpenoids and steroids";"Triterpenoids";1;1;5;5;3;0.333333333333333
"Euterpe";"Vitamins and cofactors";"Vitamins/cofactors";1;1;4;4;3;0.333333333333333
"Gaussia";"Other primary metabolites";"Organic acids";1;1;1;1;1;1
"Geonoma";"Lipids and lipid-like molecules";"Hydrocarbons";1;1;2;2;4;0.25
"Geonoma";"Other specialized metabolites";"Volatile organic compounds";3;1;3;5;4;0.75
"Geonoma";"Terpenoids and steroids";"Monoterpenoids";4;2;12;24;4;1
"Geonoma";"Terpenoids and steroids";"Sesquiterpenoids";3;2;5;8;4;0.75
"Heterospathe";"Carbohydrates";"Sugars and carbohydrate derivatives";1;1;4;4;1;1
"Heterospathe";"Lipids and lipid-like molecules";"Fatty acid esters";1;1;1;1;1;1
"Heterospathe";"Other primary metabolites";"Organic acids";1;1;1;1;1;1
"Heterospathe";"Other primary metabolites";"Other primary metabolites";1;1;2;2;1;1
"Heterospathe";"Other specialized metabolites";"Other specialized metabolites";1;1;1;1;1;1
"Heterospathe";"Other specialized metabolites";"Volatile organic compounds";1;1;5;5;1;1
"Heterospathe";"Phenylpropanoids and polyketides";"Other phenolics";1;1;1;1;1;1
"Heterospathe";"Terpenoids and steroids";"Monoterpenoids";1;1;1;1;1;1
"Howea";"Lipids and lipid-like molecules";"Fatty acids and derivatives";2;3;10;40;2;1
"Howea";"Phenylpropanoids and polyketides";"Flavanols and flavans";2;1;1;2;2;1
"Howea";"Phenylpropanoids and polyketides";"Flavanones";2;2;2;5;2;1
"Howea";"Phenylpropanoids and polyketides";"Flavones";2;1;1;2;2;1
"Howea";"Phenylpropanoids and polyketides";"Flavonols";2;2;3;8;2;1
"Howea";"Phenylpropanoids and polyketides";"Phenolic acids and derivatives";2;2;19;40;2;1
"Hyophorbe";"Carbohydrates";"Sugars and carbohydrate derivatives";1;1;3;3;3;0.333333333333333
"Hyophorbe";"Lipids and lipid-like molecules";"Fatty acids and derivatives";2;2;14;14;3;0.666666666666667
"Hyophorbe";"Other primary metabolites";"Organic acids";2;2;2;2;3;0.666666666666667
"Hyophorbe";"Other specialized metabolites";"Plant hormone";1;1;1;1;3;0.333333333333333
"Hyophorbe";"Phenylpropanoids and polyketides";"Anthocyanins";1;1;1;1;3;0.333333333333333
"Hyophorbe";"Phenylpropanoids and polyketides";"Flavones";1;1;1;1;3;0.333333333333333
"Hyophorbe";"Phenylpropanoids and polyketides";"Flavonols";1;1;2;2;3;0.333333333333333
"Hyophorbe";"Phenylpropanoids and polyketides";"Other phenolics";1;1;1;1;3;0.333333333333333
"Hyophorbe";"Phenylpropanoids and polyketides";"Other/unspecified flavonoids";1;1;4;4;3;0.333333333333333
"Hyophorbe";"Phenylpropanoids and polyketides";"Stilbenoids";1;1;1;1;3;0.333333333333333
"Hyophorbe";"Terpenoids and steroids";"Carotenoids and apocarotenoids";1;1;9;9;3;0.333333333333333
"Hyophorbe";"Terpenoids and steroids";"Steroids and sterols";1;1;2;2;3;0.333333333333333
"Hyphaene";"Carbohydrates";"Polysaccharides";1;1;3;4;1;1
"Hyphaene";"Lipids and lipid-like molecules";"Fatty acids and derivatives";1;1;4;4;1;1
"Hyphaene";"Other primary metabolites";"Organic acids";1;1;1;1;1;1
"Hyphaene";"Other specialized metabolites";"Volatile organic compounds";1;1;10;10;1;1
"Hyphaene";"Phenylpropanoids and polyketides";"Flavones";1;1;2;2;1;1
"Hyphaene";"Phenylpropanoids and polyketides";"Flavonols";1;1;3;3;1;1
"Hyphaene";"Phenylpropanoids and polyketides";"Other phenolics";1;1;5;5;1;1
"Hyphaene";"Phenylpropanoids and polyketides";"Other/unspecified flavonoids";1;1;2;2;1;1
"Hyphaene";"Terpenoids and steroids";"Diterpenoids";1;1;4;4;1;1
"Hyphaene";"Terpenoids and steroids";"Monoterpenoids";1;1;13;13;1;1
"Hyphaene";"Terpenoids and steroids";"Sesquiterpenoids";1;1;14;14;1;1
"Iriartea";"Other specialized metabolites";"Volatile organic compounds";1;1;1;1;1;1
"Iriartea";"Terpenoids and steroids";"Monoterpenoids";1;1;3;3;1;1
"Jubaea";"Terpenoids and steroids";"Tocochromanols";1;1;5;5;1;1
"Jubaeopsis";"Lipids and lipid-like molecules";"Fatty acid esters";1;1;4;4;1;1
"Jubaeopsis";"Lipids and lipid-like molecules";"Fatty acids and derivatives";1;1;1;1;1;1
"Jubaeopsis";"Lipids and lipid-like molecules";"Hydrocarbons";1;1;12;12;1;1
"Jubaeopsis";"Other primary metabolites";"Organic acids";1;1;1;1;1;1
"Jubaeopsis";"Other specialized metabolites";"Benzofuran";1;1;1;1;1;1
"Jubaeopsis";"Other specialized metabolites";"Volatile organic compounds";1;1;3;3;1;1
"Jubaeopsis";"Phenylpropanoids and polyketides";"Flavanols and flavans";1;1;2;2;1;1
"Jubaeopsis";"Phenylpropanoids and polyketides";"Flavanones";1;1;2;2;1;1
"Jubaeopsis";"Phenylpropanoids and polyketides";"Flavonols";1;1;8;8;1;1
"Jubaeopsis";"Phenylpropanoids and polyketides";"Other phenolics";1;1;4;4;1;1
"Jubaeopsis";"Phenylpropanoids and polyketides";"Phenolic acids and derivatives";1;1;10;10;1;1
"Jubaeopsis";"Phenylpropanoids and polyketides";"Proanthocyanidins";1;1;2;2;1;1
"Jubaeopsis";"Terpenoids and steroids";"Carotenoids and apocarotenoids";1;1;2;2;1;1
"Jubaeopsis";"Terpenoids and steroids";"Monoterpenoids";1;1;4;4;1;1
"Jubaeopsis";"Terpenoids and steroids";"Other terpenoids";1;1;3;3;1;1
"Jubaeopsis";"Terpenoids and steroids";"Sesquiterpenoids";1;1;3;3;1;1
"Jubaeopsis";"Terpenoids and steroids";"Tocochromanols";1;1;1;1;1;1
"Jubaeopsis";"Terpenoids and steroids";"Triterpenoids";1;1;2;2;1;1
"Kerriodoxa";"Phenylpropanoids and polyketides";"Phenolic acids and derivatives";0;1;2;2;0;
"Latania";"Lipids and lipid-like molecules";"Fatty acid esters";1;1;17;17;2;0.5
"Latania";"Lipids and lipid-like molecules";"Fatty acids and derivatives";1;2;24;31;2;0.5
"Latania";"Lipids and lipid-like molecules";"Hydrocarbons";1;1;15;15;2;0.5
"Latania";"Other specialized metabolites";"Volatile organic compounds";1;1;3;3;2;0.5
"Latania";"Phenylpropanoids and polyketides";"Flavanols and flavans";1;2;2;2;2;0.5
"Latania";"Phenylpropanoids and polyketides";"Other phenolics";1;1;1;1;2;0.5
"Latania";"Phenylpropanoids and polyketides";"Phenolic acids and derivatives";1;2;2;4;2;0.5
"Latania";"Terpenoids and steroids";"Carotenoids and apocarotenoids";2;3;5;5;2;1
"Latania";"Terpenoids and steroids";"Diterpenoids";1;1;1;1;2;0.5
"Latania";"Terpenoids and steroids";"Other terpenoids";1;1;1;1;2;0.5
"Latania";"Terpenoids and steroids";"Sesquiterpenoids";1;1;1;1;2;0.5
"Latania";"Terpenoids and steroids";"Steroids and sterols";1;3;6;8;2;0.5
"Latania";"Terpenoids and steroids";"Triterpenoids";1;1;1;1;2;0.5
"Leucothrinax";"Other primary metabolites";"Organic acids";1;1;1;1;1;1
"Licuala";"Alkaloids and nitrogen compounds";"Other alkaloids/nitrogen compounds";1;1;1;1;4;0.25
"Licuala";"Lipids and lipid-like molecules";"Fatty acids and derivatives";1;1;8;8;4;0.25
"Licuala";"Other specialized metabolites";"Volatile organic compounds";4;1;17;28;4;1
"Licuala";"Phenylpropanoids and polyketides";"Other phenolics";2;1;1;2;4;0.5
"Licuala";"Phenylpropanoids and polyketides";"Phenolic acids and derivatives";1;1;2;2;4;0.25
"Licuala";"Terpenoids and steroids";"Carotenoids and apocarotenoids";3;1;2;3;4;0.75
"Licuala";"Terpenoids and steroids";"Monoterpenoids";4;1;22;43;4;1
"Licuala";"Terpenoids and steroids";"Other terpenoids";3;1;1;3;4;0.75
"Licuala";"Terpenoids and steroids";"Sesquiterpenoids";4;1;47;72;4;1
"Livistona";"Lipids and lipid-like molecules";"Fatty acids and derivatives";3;3;10;56;7;0.428571428571429
"Livistona";"Other primary metabolites";"Organic acids";1;1;1;1;7;0.142857142857143
"Livistona";"Other specialized metabolites";"Benzofuran";1;1;1;1;7;0.142857142857143
"Livistona";"Other specialized metabolites";"Plant hormone";1;1;1;1;7;0.142857142857143
"Livistona";"Phenylpropanoids and polyketides";"Coumarins";1;1;1;1;7;0.142857142857143
"Livistona";"Phenylpropanoids and polyketides";"Flavanols and flavans";4;3;3;9;7;0.571428571428571
"Livistona";"Phenylpropanoids and polyketides";"Flavanones";5;3;2;9;7;0.714285714285714
"Livistona";"Phenylpropanoids and polyketides";"Flavones";6;5;14;38;7;0.857142857142857
"Livistona";"Phenylpropanoids and polyketides";"Flavonols";6;5;7;23;7;0.857142857142857
"Livistona";"Phenylpropanoids and polyketides";"Other phenolics";3;4;9;12;7;0.428571428571429
"Livistona";"Phenylpropanoids and polyketides";"Other/unspecified flavonoids";3;2;13;32;7;0.428571428571429
"Livistona";"Phenylpropanoids and polyketides";"Phenolic acids and derivatives";6;6;24;113;7;0.857142857142857
"Livistona";"Phenylpropanoids and polyketides";"Phenolic lipids";1;1;2;2;7;0.142857142857143
"Livistona";"Phenylpropanoids and polyketides";"Stilbenoids";1;1;3;3;7;0.142857142857143
"Livistona";"Terpenoids and steroids";"Saponins";1;1;2;2;7;0.142857142857143
"Livistona";"Terpenoids and steroids";"Steroids and sterols";2;2;5;5;7;0.285714285714286
"Lodoicea";"Terpenoids and steroids";"Monoterpenoids";1;1;1;1;1;1
"Lodoicea";"Terpenoids and steroids";"Sesquiterpenoids";1;1;18;18;1;1
"Mauritia";"Lipids and lipid-like molecules";"Fatty acid esters";1;1;4;4;1;1
"Mauritia";"Lipids and lipid-like molecules";"Fatty acids and derivatives";1;7;22;50;1;1
"Mauritia";"Lipids and lipid-like molecules";"Glycerolipids";1;1;9;9;1;1
"Mauritia";"Lipids and lipid-like molecules";"Hydrocarbons";1;2;6;6;1;1
"Mauritia";"Other primary metabolites";"Organic acids";1;1;1;1;1;1
"Mauritia";"Other specialized metabolites";"Volatile organic compounds";1;2;3;3;1;1
"Mauritia";"Phenylpropanoids and polyketides";"Anthocyanins";1;1;1;1;1;1
"Mauritia";"Phenylpropanoids and polyketides";"Flavanols and flavans";1;2;2;4;1;1
"Mauritia";"Phenylpropanoids and polyketides";"Flavones";1;3;6;9;1;1
"Mauritia";"Phenylpropanoids and polyketides";"Flavonols";1;4;4;8;1;1
"Mauritia";"Phenylpropanoids and polyketides";"Other phenolics";1;1;5;5;1;1
"Mauritia";"Phenylpropanoids and polyketides";"Other/unspecified flavonoids";1;1;2;2;1;1
"Mauritia";"Phenylpropanoids and polyketides";"Phenolic acids and derivatives";1;2;2;2;1;1
"Mauritia";"Terpenoids and steroids";"Carotenoids and apocarotenoids";1;3;2;4;1;1
"Mauritia";"Terpenoids and steroids";"Monoterpenoids";1;1;3;3;1;1
"Mauritia";"Terpenoids and steroids";"Sesquiterpenoids";1;2;2;2;1;1
"Mauritia";"Terpenoids and steroids";"Tocochromanols";1;2;2;3;1;1
"Mauritia";"Terpenoids and steroids";"Triterpenoids";1;2;10;10;1;1
"Mauritiella";"Other primary metabolites";"Organic acids";1;1;3;3;1;1
"Mauritiella";"Phenylpropanoids and polyketides";"Anthocyanins";1;1;1;1;1;1
"Mauritiella";"Phenylpropanoids and polyketides";"Flavanols and flavans";1;1;2;2;1;1
"Mauritiella";"Phenylpropanoids and polyketides";"Flavones";1;1;1;1;1;1
"Mauritiella";"Phenylpropanoids and polyketides";"Flavonols";1;1;1;1;1;1
"Mauritiella";"Phenylpropanoids and polyketides";"Other phenolics";1;1;1;1;1;1
"Mauritiella";"Phenylpropanoids and polyketides";"Other/unspecified flavonoids";1;1;3;3;1;1
"Mauritiella";"Phenylpropanoids and polyketides";"Phenolic acids and derivatives";1;1;8;8;1;1
"Mauritiella";"Terpenoids and steroids";"Carotenoids and apocarotenoids";1;1;1;1;1;1
"Oenocarpus";"Carbohydrates";"Sugars and carbohydrate derivatives";2;1;5;9;3;0.666666666666667
"Oenocarpus";"Lipids and lipid-like molecules";"Fatty acids and derivatives";2;2;15;21;3;0.666666666666667
"Oenocarpus";"Lipids and lipid-like molecules";"Glycerolipids";1;1;14;14;3;0.333333333333333
"Oenocarpus";"Other primary metabolites";"Organic acids";2;1;1;2;3;0.666666666666667
"Oenocarpus";"Phenylpropanoids and polyketides";"Flavanols and flavans";2;1;4;8;3;0.666666666666667
"Oenocarpus";"Phenylpropanoids and polyketides";"Flavones";2;2;5;9;3;0.666666666666667
"Oenocarpus";"Phenylpropanoids and polyketides";"Flavonols";2;1;5;10;3;0.666666666666667
"Oenocarpus";"Phenylpropanoids and polyketides";"Isoflavonoids";0;1;1;1;3;0
"Oenocarpus";"Phenylpropanoids and polyketides";"Other/unspecified flavonoids";0;1;2;2;3;0
"Oenocarpus";"Phenylpropanoids and polyketides";"Phenolic acids and derivatives";2;2;10;18;3;0.666666666666667
"Oenocarpus";"Terpenoids and steroids";"Carotenoids and apocarotenoids";1;1;1;1;3;0.333333333333333
"Oenocarpus";"Terpenoids and steroids";"Steroids and sterols";1;1;7;7;3;0.333333333333333
"Oenocarpus";"Terpenoids and steroids";"Tocochromanols";1;1;2;2;3;0.333333333333333
"Oenocarpus";"Vitamins and cofactors";"Vitamins/cofactors";1;1;3;3;3;0.333333333333333
"Parajubaea";"Terpenoids and steroids";"Tocochromanols";1;1;5;5;1;1
"Phoenix";"Alkaloids and nitrogen compounds";"Other alkaloids/nitrogen compounds";1;1;4;4;8;0.125
"Phoenix";"Amino acids and peptides";"Amino acids and derivatives";1;1;4;4;8;0.125
"Phoenix";"Amino acids and peptides";"Proteins/peptides";1;1;16;16;8;0.125
"Phoenix";"Carbohydrates";"Polysaccharides";1;1;2;2;8;0.125
"Phoenix";"Carbohydrates";"Sugars and carbohydrate derivatives";6;7;15;30;8;0.75
"Phoenix";"Lipids and lipid-like molecules";"Fatty acid esters";1;2;9;13;8;0.125
"Phoenix";"Lipids and lipid-like molecules";"Fatty acids and derivatives";5;13;45;97;8;0.625
"Phoenix";"Lipids and lipid-like molecules";"Fatty alcohols and wax constituents";2;2;4;4;8;0.25
"Phoenix";"Lipids and lipid-like molecules";"Hydrocarbons";3;4;9;9;8;0.375
"Phoenix";"Lipids and lipid-like molecules";"Other lipids";1;1;7;7;8;0.125
"Phoenix";"Lipids and lipid-like molecules";"Sphingolipids";1;1;8;8;8;0.125
"Phoenix";"Other primary metabolites";"Organic acids";5;3;13;29;8;0.625
"Phoenix";"Other primary metabolites";"Other primary metabolites";1;1;2;2;8;0.125
"Phoenix";"Other specialized metabolites";"Volatile organic compounds";1;2;4;7;8;0.125
"Phoenix";"Phenylpropanoids and polyketides";"Coumarins";1;1;1;1;8;0.125
"Phoenix";"Phenylpropanoids and polyketides";"Flavanols and flavans";2;7;9;15;8;0.25
"Phoenix";"Phenylpropanoids and polyketides";"Flavanones";1;3;4;4;8;0.125
"Phoenix";"Phenylpropanoids and polyketides";"Flavones";3;9;23;30;8;0.375
"Phoenix";"Phenylpropanoids and polyketides";"Flavonols";3;10;18;39;8;0.375
"Phoenix";"Phenylpropanoids and polyketides";"Isoflavonoids";1;3;9;14;8;0.125
"Phoenix";"Phenylpropanoids and polyketides";"Lignans and neolignans";1;4;6;8;8;0.125
"Phoenix";"Phenylpropanoids and polyketides";"Other phenolics";2;6;13;13;8;0.25
"Phoenix";"Phenylpropanoids and polyketides";"Other/unspecified flavonoids";2;5;61;67;8;0.25
"Phoenix";"Phenylpropanoids and polyketides";"Phenolic acids and derivatives";6;16;43;88;8;0.75
"Phoenix";"Phenylpropanoids and polyketides";"Proanthocyanidins";1;1;2;2;8;0.125
"Phoenix";"Phenylpropanoids and polyketides";"Stilbenoids";1;1;1;3;8;0.125
"Phoenix";"Terpenoids and steroids";"Carotenoids and apocarotenoids";2;3;7;8;8;0.25
"Phoenix";"Terpenoids and steroids";"Diterpenoids";2;3;2;3;8;0.25
"Phoenix";"Terpenoids and steroids";"Monoterpenoids";2;5;5;7;8;0.25
"Phoenix";"Terpenoids and steroids";"Other terpenoids";2;4;13;14;8;0.25
"Phoenix";"Terpenoids and steroids";"Saponins";2;2;4;4;8;0.25
"Phoenix";"Terpenoids and steroids";"Sesquiterpenoids";2;4;7;7;8;0.25
"Phoenix";"Terpenoids and steroids";"Steroids and sterols";2;5;11;15;8;0.25
"Phoenix";"Terpenoids and steroids";"Tocochromanols";1;1;1;1;8;0.125
"Phoenix";"Terpenoids and steroids";"Triterpenoids";2;2;2;2;8;0.25
"Phoenix";"Vitamins and cofactors";"Vitamins/cofactors";5;4;11;16;8;0.625
"Phytelephas";"Carbohydrates";"Sugars and carbohydrate derivatives";1;1;1;1;1;1
"Phytelephas";"Lipids and lipid-like molecules";"Fatty acids and derivatives";1;2;19;27;1;1
"Pinanga";"Lipids and lipid-like molecules";"Fatty acids and derivatives";1;1;3;4;2;0.5
"Pinanga";"Other primary metabolites";"Organic acids";1;1;1;1;2;0.5
"Pinanga";"Phenylpropanoids and polyketides";"Anthocyanins";1;1;2;2;2;0.5
"Prestoea";"Other specialized metabolites";"Volatile organic compounds";1;1;1;1;1;1
"Prestoea";"Terpenoids and steroids";"Monoterpenoids";1;1;2;2;1;1
"Pseudophoenix";"Other primary metabolites";"Organic acids";1;1;1;1;1;1
"Ptychosperma";"Lipids and lipid-like molecules";"Fatty acids and derivatives";1;1;4;5;4;0.25
"Ptychosperma";"Other primary metabolites";"Organic acids";4;1;1;4;4;1
"Ptychosperma";"Terpenoids and steroids";"Carotenoids and apocarotenoids";1;1;4;4;4;0.25
"Raphia";"Lipids and lipid-like molecules";"Fatty acid esters";1;1;2;2;2;0.5
"Raphia";"Lipids and lipid-like molecules";"Fatty acids and derivatives";1;1;7;7;2;0.5
"Raphia";"Lipids and lipid-like molecules";"Fatty alcohols and wax constituents";1;1;3;3;2;0.5
"Raphia";"Lipids and lipid-like molecules";"Other lipids";1;1;2;2;2;0.5
"Raphia";"Other primary metabolites";"Organic acids";1;1;1;1;2;0.5
"Raphia";"Other specialized metabolites";"Volatile organic compounds";1;1;1;1;2;0.5
"Raphia";"Phenylpropanoids and polyketides";"Other/unspecified flavonoids";1;1;1;1;2;0.5
"Raphia";"Terpenoids and steroids";"Diterpenoids";1;1;1;1;2;0.5
"Raphia";"Terpenoids and steroids";"Other terpenoids";1;1;1;1;2;0.5
"Raphia";"Terpenoids and steroids";"Saponins";1;1;8;8;2;0.5
"Raphia";"Terpenoids and steroids";"Steroids and sterols";2;2;3;3;2;1
"Raphia";"Terpenoids and steroids";"Triterpenoids";1;1;1;1;2;0.5
"Raphia";"Vitamins and cofactors";"Vitamins/cofactors";1;1;1;1;2;0.5
"Rhapis";"Lipids and lipid-like molecules";"Fatty acid esters";1;1;4;4;1;1
"Rhapis";"Lipids and lipid-like molecules";"Fatty acids and derivatives";1;1;1;1;1;1
"Rhapis";"Lipids and lipid-like molecules";"Hydrocarbons";1;1;11;11;1;1
"Rhapis";"Other specialized metabolites";"Other specialized metabolites";1;1;1;1;1;1
"Rhapis";"Other specialized metabolites";"Volatile organic compounds";1;1;2;2;1;1
"Rhapis";"Phenylpropanoids and polyketides";"Phenolic acids and derivatives";0;1;2;2;1;0
"Rhapis";"Terpenoids and steroids";"Monoterpenoids";1;1;2;2;1;1
"Rhapis";"Terpenoids and steroids";"Other terpenoids";1;1;1;1;1;1
"Rhapis";"Terpenoids and steroids";"Sesquiterpenoids";1;1;6;6;1;1
"Roystonea";"Lipids and lipid-like molecules";"Fatty acids and derivatives";1;1;9;9;1;1
"Roystonea";"Other primary metabolites";"Organic acids";1;1;1;1;1;1
"Roystonea";"Phenylpropanoids and polyketides";"Phenolic acids and derivatives";1;1;2;2;1;1
"Sabal";"Lipids and lipid-like molecules";"Fatty acids and derivatives";6;6;21;94;8;0.75
"Sabal";"Other primary metabolites";"Organic acids";1;1;1;1;8;0.125
"Sabal";"Phenylpropanoids and polyketides";"Flavanols and flavans";1;1;1;1;8;0.125
"Sabal";"Phenylpropanoids and polyketides";"Flavanones";1;1;2;2;8;0.125
"Sabal";"Phenylpropanoids and polyketides";"Flavones";2;2;1;3;8;0.25
"Sabal";"Phenylpropanoids and polyketides";"Flavonols";2;2;3;5;8;0.25
"Sabal";"Phenylpropanoids and polyketides";"Phenolic acids and derivatives";4;3;19;26;8;0.5
"Sabal";"Terpenoids and steroids";"Steroids and sterols";2;2;3;4;8;0.25
"Sabal";"Terpenoids and steroids";"Triterpenoids";3;1;5;5;8;0.375
"Serenoa";"Lipids and lipid-like molecules";"Fatty acid esters";1;3;27;43;1;1
"Serenoa";"Lipids and lipid-like molecules";"Fatty acids and derivatives";1;5;16;41;1;1
"Serenoa";"Lipids and lipid-like molecules";"Glycerolipids";1;1;2;2;1;1
"Serenoa";"Lipids and lipid-like molecules";"Hydrocarbons";1;1;1;1;1;1
"Serenoa";"Other primary metabolites";"Organic acids";1;1;1;1;1;1
"Serenoa";"Other specialized metabolites";"Volatile organic compounds";1;1;7;7;1;1
"Serenoa";"Phenylpropanoids and polyketides";"Flavones";1;1;1;1;1;1
"Serenoa";"Phenylpropanoids and polyketides";"Flavonols";1;1;3;3;1;1
"Serenoa";"Phenylpropanoids and polyketides";"Other phenolics";1;1;2;2;1;1
"Serenoa";"Phenylpropanoids and polyketides";"Phenolic acids and derivatives";1;1;1;1;1;1
"Serenoa";"Terpenoids and steroids";"Monoterpenoids";1;1;25;25;1;1
"Serenoa";"Terpenoids and steroids";"Sesquiterpenoids";1;1;4;4;1;1
"Serenoa";"Terpenoids and steroids";"Steroids and sterols";1;2;9;10;1;1
"Socratea";"Terpenoids and steroids";"Tocochromanols";1;1;3;3;1;1
"Syagrus";"Amino acids and peptides";"Amino acids and derivatives";1;1;3;3;10;0.1
"Syagrus";"Amino acids and peptides";"Proteins/peptides";1;1;11;11;10;0.1
"Syagrus";"Carbohydrates";"Polysaccharides";1;1;1;1;10;0.1
"Syagrus";"Lipids and lipid-like molecules";"Fatty acid esters";1;1;19;19;10;0.1
"Syagrus";"Lipids and lipid-like molecules";"Fatty acids and derivatives";5;11;29;140;10;0.5
"Syagrus";"Lipids and lipid-like molecules";"Hydrocarbons";1;1;1;1;10;0.1
"Syagrus";"Other primary metabolites";"Organic acids";7;3;2;9;10;0.7
"Syagrus";"Other specialized metabolites";"Volatile organic compounds";1;1;18;18;10;0.1
"Syagrus";"Phenylpropanoids and polyketides";"Flavanols and flavans";1;2;1;3;10;0.1
"Syagrus";"Phenylpropanoids and polyketides";"Flavanones";1;2;2;3;10;0.1
"Syagrus";"Phenylpropanoids and polyketides";"Flavones";1;2;1;2;10;0.1
"Syagrus";"Phenylpropanoids and polyketides";"Flavonols";1;2;5;7;10;0.1
"Syagrus";"Phenylpropanoids and polyketides";"Lignans and neolignans";1;1;1;1;10;0.1
"Syagrus";"Phenylpropanoids and polyketides";"Other phenolics";2;3;7;7;10;0.2
"Syagrus";"Phenylpropanoids and polyketides";"Other/unspecified flavonoids";1;1;1;1;10;0.1
"Syagrus";"Phenylpropanoids and polyketides";"Phenolic acids and derivatives";1;5;19;28;10;0.1
"Syagrus";"Phenylpropanoids and polyketides";"Proanthocyanidins";1;1;1;2;10;0.1
"Syagrus";"Phenylpropanoids and polyketides";"Stilbenoids";1;2;9;9;10;0.1
"Syagrus";"Terpenoids and steroids";"Carotenoids and apocarotenoids";1;1;5;9;10;0.1
"Syagrus";"Terpenoids and steroids";"Monoterpenoids";1;1;3;3;10;0.1
"Syagrus";"Terpenoids and steroids";"Other terpenoids";1;1;1;1;10;0.1
"Syagrus";"Terpenoids and steroids";"Tocochromanols";1;1;7;7;10;0.1
"Syagrus";"Vitamins and cofactors";"Vitamins/cofactors";1;1;1;2;10;0.1
"Thrinax";"Lipids and lipid-like molecules";"Fatty acids and derivatives";1;1;9;9;1;1
"Thrinax";"Other primary metabolites";"Organic acids";1;1;1;1;1;1
"Trachycarpus";"Lipids and lipid-like molecules";"Fatty acids and derivatives";1;2;8;16;1;1
"Trithrinax";"Amino acids and peptides";"Amino acids and derivatives";1;1;3;3;1;1
"Trithrinax";"Amino acids and peptides";"Proteins/peptides";1;1;11;11;1;1
"Trithrinax";"Lipids and lipid-like molecules";"Fatty acids and derivatives";1;1;10;10;1;1
"Trithrinax";"Phenylpropanoids and polyketides";"Flavanones";1;1;1;1;1;1
"Trithrinax";"Phenylpropanoids and polyketides";"Flavones";1;1;1;1;1;1
"Trithrinax";"Phenylpropanoids and polyketides";"Flavonols";1;1;2;2;1;1
"Trithrinax";"Phenylpropanoids and polyketides";"Other phenolics";1;1;1;1;1;1
"Trithrinax";"Phenylpropanoids and polyketides";"Phenolic acids and derivatives";1;1;5;5;1;1
"Veitchia";"Lipids and lipid-like molecules";"Fatty acids and derivatives";1;1;15;21;2;0.5
"Veitchia";"Other primary metabolites";"Organic acids";1;1;1;1;2;0.5
"Veitchia";"Phenylpropanoids and polyketides";"Phenolic acids and derivatives";0;1;3;3;2;0
"Washingtonia";"Lipids and lipid-like molecules";"Fatty acids and derivatives";1;4;20;44;1;1
"Washingtonia";"Other primary metabolites";"Organic acids";1;1;1;1;1;1
"Washingtonia";"Phenylpropanoids and polyketides";"Anthocyanins";1;1;1;1;1;1
"Washingtonia";"Phenylpropanoids and polyketides";"Flavanols and flavans";1;1;1;1;1;1
"Washingtonia";"Phenylpropanoids and polyketides";"Flavones";1;2;11;14;1;1
"Washingtonia";"Phenylpropanoids and polyketides";"Flavonols";1;2;3;4;1;1
"Washingtonia";"Phenylpropanoids and polyketides";"Other phenolics";1;1;1;1;1;1
"Washingtonia";"Phenylpropanoids and polyketides";"Other/unspecified flavonoids";1;1;1;1;1;1
"Washingtonia";"Phenylpropanoids and polyketides";"Phenolic acids and derivatives";1;1;6;8;1;1
"Wettinia";"Lipids and lipid-like molecules";"Hydrocarbons";1;1;2;2;2;0.5
"Wettinia";"Other specialized metabolites";"Volatile organic compounds";1;1;2;2;2;0.5
"Wettinia";"Terpenoids and steroids";"Monoterpenoids";2;1;2;3;2;1
"Wettinia";"Terpenoids and steroids";"Sesquiterpenoids";1;1;1;1;2;0.5
"Wodyetia";"Lipids and lipid-like molecules";"Fatty acids and derivatives";1;1;17;22;1;1
"Wodyetia";"Terpenoids and steroids";"Carotenoids and apocarotenoids";1;1;4;4;1;1
"Zombia";"Other primary metabolites";"Organic acids";1;1;1;1;1;1
;"Lipids and lipid-like molecules";"Fatty acids and derivatives";0;2;11;11;;
;"Phenylpropanoids and polyketides";"Anthocyanins";0;2;2;3;;
;"Phenylpropanoids and polyketides";"Biflavonoids";0;1;2;2;;
;"Phenylpropanoids and polyketides";"Flavanols and flavans";0;3;13;15;;
;"Phenylpropanoids and polyketides";"Other phenolics";0;1;1;2;;
;"Phenylpropanoids and polyketides";"Other/unspecified flavonoids";0;2;4;4;;
;"Phenylpropanoids and polyketides";"Phenolic acids and derivatives";0;1;3;11;;
;"Terpenoids and steroids";"Diterpenoids";0;1;5;5;;
