"Term";"Estimate";"Std_error";"Statistic";"P_value";"Model";"Framework";"Model_class";"Formula";"Odds_ratio";"CI_low";"CI_high";"Socioeconomic_definition"
"(Intercept)";-2.92331629969411;0.0958468919623589;-30.4998549232265;0.00000000000000000000000000000000000000000000000000000000000000000000000000000000000000000000000000000000000000000000000000000000000000000000000000000000000000000000000000000000000000000000000000000000000261744435828364;"S1_commodity_resolved";"Human use and economy";"Mean bias-reduced logistic";"Research_studied_binary ~ z_log_native_range_L3 + Commodity_species_resolved";0.0537551232792156;0.0445485261822974;0.0648643967914687;"Species-resolved commodity flag"
"z_log_native_range_L3";0.708295273037002;0.0596431982230674;11.8755414555061;0.0000000000000000000000000000000158603785494274;"S1_commodity_resolved";"Human use and economy";"Mean bias-reduced logistic";"Research_studied_binary ~ z_log_native_range_L3 + Commodity_species_resolved";2.03052681271183;1.80650602091959;2.28232792440009;"Species-resolved commodity flag"
"Commodity_species_resolved";4.95343058648919;1.68712916753432;2.93601146954768;0.00332462029728958;"S1_commodity_resolved";"Human use and economy";"Mean bias-reduced logistic";"Research_studied_binary ~ z_log_native_range_L3 + Commodity_species_resolved";141.660108534794;5.18960412679865;3866.88191618747;"Species-resolved commodity flag"
"(Intercept)";-2.93016849259007;0.0959212482201427;-30.54764764805;0.000000000000000000000000000000000000000000000000000000000000000000000000000000000000000000000000000000000000000000000000000000000000000000000000000000000000000000000000000000000000000000000000000000000000607637220297694;"S2_human_use_any";"Human use and economy";"Mean bias-reduced logistic";"Research_studied_binary ~ z_log_native_range_L3 + Human_use_any";0.05338804189786;0.0442378669165928;0.0644308420896888;"Resolved or broad human-use candidate"
"z_log_native_range_L3";0.691069522521483;0.0599595133114655;11.5256026000687;0.000000000000000000000000000000980239559945077;"S2_human_use_any";"Human use and economy";"Mean bias-reduced logistic";"Research_studied_binary ~ z_log_native_range_L3 + Human_use_any";1.99584899759804;1.77455356112137;2.24474104838848;"Resolved or broad human-use candidate"
"Human_use_any";3.54563939379434;0.797984474167971;4.44324358251612;0.00000886127480600256;"S2_human_use_any";"Human use and economy";"Mean bias-reduced logistic";"Research_studied_binary ~ z_log_native_range_L3 + Human_use_any";34.6618408243906;7.2542668328837;165.618833303627;"Resolved or broad human-use candidate"
"(Intercept)";-2.9088904427414;0.0952276607331804;-30.5466964151504;0.000000000000000000000000000000000000000000000000000000000000000000000000000000000000000000000000000000000000000000000000000000000000000000000000000000000000000000000000000000000000000000000000000000000000625572090074213;"S3_economic_quantitative";"Human use and economy";"Mean bias-reduced logistic";"Research_studied_binary ~ z_log_native_range_L3 + Economic_quantitative_data_available";0.0545362073560964;0.0452507217911206;0.0657270822444817;"Species with quantitative economic data"
"z_log_native_range_L3";0.712154467843163;0.0592280834433311;12.0239323381879;0.00000000000000000000000000000000266004261037137;"S3_economic_quantitative";"Human use and economy";"Mean bias-reduced logistic";"Research_studied_binary ~ z_log_native_range_L3 + Economic_quantitative_data_available";2.03837815141959;1.81496725148347;2.28928950910197;"Species with quantitative economic data"
"Economic_quantitative_data_available";4.46805643463675;1.96333893050438;2.27574381845976;0.0228613470792233;"S3_economic_quantitative";"Human use and economy";"Mean bias-reduced logistic";"Research_studied_binary ~ z_log_native_range_L3 + Economic_quantitative_data_available";87.1871043981717;1.85876470659214;4089.5930218486;"Species with quantitative economic data"
