"Organ_primary";"Domain_analysis";"Class_analysis";"Species_class_count";"Article_count";"Chemical_entity_count";"Incidence_record_count";"Species_studied_in_organ";"Species_prevalence_within_organ"
"Flower/inflorescence";"Alkaloids and nitrogen compounds";"Other alkaloids/nitrogen compounds";3;3;4;7;25;0.12
"Flower/inflorescence";"Alkaloids and nitrogen compounds";"Piperidine alkaloids";2;2;1;2;25;0.08
"Flower/inflorescence";"Amino acids and peptides";"Amino acids and derivatives";1;1;4;4;25;0.04
"Flower/inflorescence";"Amino acids and peptides";"Proteins/peptides";2;2;16;30;25;0.08
"Flower/inflorescence";"Carbohydrates";"Sugars and carbohydrate derivatives";1;1;2;2;25;0.04
"Flower/inflorescence";"Lipids and lipid-like molecules";"Fatty acid esters";1;1;3;3;25;0.04
"Flower/inflorescence";"Lipids and lipid-like molecules";"Fatty acids and derivatives";2;5;23;25;25;0.08
"Flower/inflorescence";"Lipids and lipid-like molecules";"Hydrocarbons";7;3;5;15;25;0.28
"Flower/inflorescence";"Lipids and lipid-like molecules";"Sphingolipids";1;1;8;8;25;0.04
"Flower/inflorescence";"Other specialized metabolites";"Volatile organic compounds";16;5;34;59;25;0.64
"Flower/inflorescence";"Phenylpropanoids and polyketides";"Coumarins";1;1;1;1;25;0.04
"Flower/inflorescence";"Phenylpropanoids and polyketides";"Flavanols and flavans";2;2;1;2;25;0.08
"Flower/inflorescence";"Phenylpropanoids and polyketides";"Flavanones";1;1;1;1;25;0.04
"Flower/inflorescence";"Phenylpropanoids and polyketides";"Flavones";1;1;3;3;25;0.04
"Flower/inflorescence";"Phenylpropanoids and polyketides";"Flavonols";4;5;6;11;25;0.16
"Flower/inflorescence";"Phenylpropanoids and polyketides";"Other phenolics";4;6;11;12;25;0.16
"Flower/inflorescence";"Phenylpropanoids and polyketides";"Other/unspecified flavonoids";1;3;28;31;25;0.04
"Flower/inflorescence";"Phenylpropanoids and polyketides";"Phenolic acids and derivatives";3;5;16;18;25;0.12
"Flower/inflorescence";"Terpenoids and steroids";"Carotenoids and apocarotenoids";4;3;5;7;25;0.16
"Flower/inflorescence";"Terpenoids and steroids";"Diterpenoids";1;1;1;1;25;0.04
"Flower/inflorescence";"Terpenoids and steroids";"Monoterpenoids";17;6;31;87;25;0.68
"Flower/inflorescence";"Terpenoids and steroids";"Other terpenoids";5;4;6;10;25;0.2
"Flower/inflorescence";"Terpenoids and steroids";"Saponins";3;3;27;29;25;0.12
"Flower/inflorescence";"Terpenoids and steroids";"Sesquiterpenoids";11;6;53;88;25;0.44
"Flower/inflorescence";"Terpenoids and steroids";"Steroids and sterols";3;4;10;12;25;0.12
"Flower/inflorescence";"Terpenoids and steroids";"Tocochromanols";1;1;1;1;25;0.04
"Flower/inflorescence";"Vitamins and cofactors";"Vitamins/cofactors";1;1;3;3;25;0.04
"Fruit";"Alkaloids and nitrogen compounds";"Other alkaloids/nitrogen compounds";2;4;7;13;120;0.0166666666666667
"Fruit";"Alkaloids and nitrogen compounds";"Piperidine alkaloids";2;6;16;19;120;0.0166666666666667
"Fruit";"Amino acids and peptides";"Amino acids and derivatives";8;2;4;22;120;0.0666666666666667
"Fruit";"Amino acids and peptides";"Proteins/peptides";8;2;12;78;120;0.0666666666666667
"Fruit";"Carbohydrates";"Polysaccharides";5;5;7;8;120;0.0416666666666667
"Fruit";"Carbohydrates";"Sugars and carbohydrate derivatives";13;11;28;57;120;0.108333333333333
"Fruit";"Lipids and lipid-like molecules";"Fatty acid esters";5;7;31;65;120;0.0416666666666667
"Fruit";"Lipids and lipid-like molecules";"Fatty acids and derivatives";49;44;76;770;120;0.408333333333333
"Fruit";"Lipids and lipid-like molecules";"Fatty alcohols and wax constituents";4;4;9;9;120;0.0333333333333333
"Fruit";"Lipids and lipid-like molecules";"Glycerolipids";6;2;32;71;120;0.05
"Fruit";"Lipids and lipid-like molecules";"Hydrocarbons";4;4;19;20;120;0.0333333333333333
"Fruit";"Lipids and lipid-like molecules";"Other lipids";3;3;20;20;120;0.025
"Fruit";"Lipids and lipid-like molecules";"Sphingolipids";1;1;1;1;120;0.00833333333333333
"Fruit";"Other primary metabolites";"Organic acids";66;10;22;104;120;0.55
"Fruit";"Other primary metabolites";"Other primary metabolites";2;2;3;3;120;0.0166666666666667
"Fruit";"Other specialized metabolites";"Benzofuran";1;1;1;1;120;0.00833333333333333
"Fruit";"Other specialized metabolites";"Volatile organic compounds";5;5;33;37;120;0.0416666666666667
"Fruit";"Phenylpropanoids and polyketides";"Anthocyanins";12;19;38;68;120;0.1
"Fruit";"Phenylpropanoids and polyketides";"Biflavonoids";0;1;2;2;120;0
"Fruit";"Phenylpropanoids and polyketides";"Coumarins";1;1;1;1;120;0.00833333333333333
"Fruit";"Phenylpropanoids and polyketides";"Flavanols and flavans";27;28;24;84;120;0.225
"Fruit";"Phenylpropanoids and polyketides";"Flavanones";15;6;4;29;120;0.125
"Fruit";"Phenylpropanoids and polyketides";"Flavones";28;19;26;72;120;0.233333333333333
"Fruit";"Phenylpropanoids and polyketides";"Flavonols";32;27;22;135;120;0.266666666666667
"Fruit";"Phenylpropanoids and polyketides";"Isoflavonoids";3;6;13;24;120;0.025
"Fruit";"Phenylpropanoids and polyketides";"Lignans and neolignans";3;6;16;21;120;0.025
"Fruit";"Phenylpropanoids and polyketides";"Other phenolics";21;20;59;72;120;0.175
"Fruit";"Phenylpropanoids and polyketides";"Other/unspecified flavonoids";17;15;45;79;120;0.141666666666667
"Fruit";"Phenylpropanoids and polyketides";"Phenolic acids and derivatives";43;37;63;479;120;0.358333333333333
"Fruit";"Phenylpropanoids and polyketides";"Phenolic lipids";1;1;2;2;120;0.00833333333333333
"Fruit";"Phenylpropanoids and polyketides";"Proanthocyanidins";4;4;5;7;120;0.0333333333333333
"Fruit";"Phenylpropanoids and polyketides";"Stilbenoids";10;9;10;17;120;0.0833333333333333
"Fruit";"Terpenoids and steroids";"Carotenoids and apocarotenoids";16;15;18;50;120;0.133333333333333
"Fruit";"Terpenoids and steroids";"Diterpenoids";1;2;9;9;120;0.00833333333333333
"Fruit";"Terpenoids and steroids";"Monoterpenoids";6;6;35;44;120;0.05
"Fruit";"Terpenoids and steroids";"Other terpenoids";2;2;17;17;120;0.0166666666666667
"Fruit";"Terpenoids and steroids";"Saponins";2;2;9;9;120;0.0166666666666667
"Fruit";"Terpenoids and steroids";"Sesquiterpenoids";5;5;33;38;120;0.0416666666666667
"Fruit";"Terpenoids and steroids";"Steroids and sterols";9;9;17;28;120;0.075
"Fruit";"Terpenoids and steroids";"Tocochromanols";6;7;5;11;120;0.05
"Fruit";"Terpenoids and steroids";"Triterpenoids";3;3;4;4;120;0.025
"Fruit";"Vitamins and cofactors";"Vitamins/cofactors";12;9;12;31;120;0.1
"Leaf";"Alkaloids and nitrogen compounds";"Other alkaloids/nitrogen compounds";1;1;3;3;38;0.0263157894736842
"Leaf";"Alkaloids and nitrogen compounds";"Piperidine alkaloids";1;1;1;1;38;0.0263157894736842
"Leaf";"Amino acids and peptides";"Proteins/peptides";1;1;1;1;38;0.0263157894736842
"Leaf";"Carbohydrates";"Sugars and carbohydrate derivatives";6;5;9;12;38;0.157894736842105
"Leaf";"Lipids and lipid-like molecules";"Fatty acid esters";9;7;29;41;38;0.236842105263158
"Leaf";"Lipids and lipid-like molecules";"Fatty acids and derivatives";12;10;38;48;38;0.315789473684211
"Leaf";"Lipids and lipid-like molecules";"Fatty alcohols and wax constituents";6;5;14;15;38;0.157894736842105
"Leaf";"Lipids and lipid-like molecules";"Glycerolipids";1;1;4;4;38;0.0263157894736842
"Leaf";"Lipids and lipid-like molecules";"Hydrocarbons";7;5;58;65;38;0.184210526315789
"Leaf";"Lipids and lipid-like molecules";"Other lipids";2;2;2;3;38;0.0526315789473684
"Leaf";"Lipids and lipid-like molecules";"Sphingolipids";1;1;1;1;38;0.0263157894736842
"Leaf";"Other primary metabolites";"Organic acids";2;2;2;2;38;0.0526315789473684
"Leaf";"Other primary metabolites";"Other primary metabolites";1;1;2;2;38;0.0263157894736842
"Leaf";"Other specialized metabolites";"Benzofuran";1;1;1;1;38;0.0263157894736842
"Leaf";"Other specialized metabolites";"Chlorophylls and pheophytins";1;1;3;3;38;0.0263157894736842
"Leaf";"Other specialized metabolites";"Other specialized metabolites";2;2;2;2;38;0.0526315789473684
"Leaf";"Other specialized metabolites";"Plant hormone";1;1;1;1;38;0.0263157894736842
"Leaf";"Other specialized metabolites";"Volatile organic compounds";8;6;33;35;38;0.210526315789474
"Leaf";"Phenylpropanoids and polyketides";"Anthocyanins";4;4;8;8;38;0.105263157894737
"Leaf";"Phenylpropanoids and polyketides";"Coumarins";1;1;4;4;38;0.0263157894736842
"Leaf";"Phenylpropanoids and polyketides";"Flavanols and flavans";9;10;6;17;38;0.236842105263158
"Leaf";"Phenylpropanoids and polyketides";"Flavanones";5;5;5;9;38;0.131578947368421
"Leaf";"Phenylpropanoids and polyketides";"Flavones";16;16;34;76;38;0.421052631578947
"Leaf";"Phenylpropanoids and polyketides";"Flavonols";15;16;14;59;38;0.394736842105263
"Leaf";"Phenylpropanoids and polyketides";"Isoflavonoids";2;2;2;2;38;0.0526315789473684
"Leaf";"Phenylpropanoids and polyketides";"Lignans and neolignans";1;1;3;3;38;0.0263157894736842
"Leaf";"Phenylpropanoids and polyketides";"Other phenolics";10;8;12;19;38;0.263157894736842
"Leaf";"Phenylpropanoids and polyketides";"Other/unspecified flavonoids";12;10;36;45;38;0.315789473684211
"Leaf";"Phenylpropanoids and polyketides";"Phenolic acids and derivatives";12;13;18;72;38;0.315789473684211
"Leaf";"Phenylpropanoids and polyketides";"Proanthocyanidins";3;1;2;4;38;0.0789473684210526
"Leaf";"Phenylpropanoids and polyketides";"Stilbenoids";2;2;2;2;38;0.0526315789473684
"Leaf";"Terpenoids and steroids";"Carotenoids and apocarotenoids";2;3;5;5;38;0.0526315789473684
"Leaf";"Terpenoids and steroids";"Diterpenoids";3;3;1;3;38;0.0789473684210526
"Leaf";"Terpenoids and steroids";"Monoterpenoids";4;3;8;8;38;0.105263157894737
"Leaf";"Terpenoids and steroids";"Other terpenoids";7;6;7;13;38;0.184210526315789
"Leaf";"Terpenoids and steroids";"Saponins";2;2;3;3;38;0.0526315789473684
"Leaf";"Terpenoids and steroids";"Sesquiterpenoids";7;5;13;15;38;0.184210526315789
"Leaf";"Terpenoids and steroids";"Steroids and sterols";17;18;19;39;38;0.447368421052632
"Leaf";"Terpenoids and steroids";"Tocochromanols";4;2;2;4;38;0.105263157894737
"Leaf";"Terpenoids and steroids";"Triterpenoids";21;16;40;51;38;0.552631578947369
"Mixed organs";"Lipids and lipid-like molecules";"Fatty acids and derivatives";3;5;17;47;12;0.25
"Mixed organs";"Other specialized metabolites";"Volatile organic compounds";1;1;3;3;12;0.0833333333333333
"Mixed organs";"Phenylpropanoids and polyketides";"Flavanols and flavans";1;1;1;1;12;0.0833333333333333
"Mixed organs";"Phenylpropanoids and polyketides";"Flavones";1;1;1;1;12;0.0833333333333333
"Mixed organs";"Phenylpropanoids and polyketides";"Flavonols";1;1;3;3;12;0.0833333333333333
"Mixed organs";"Phenylpropanoids and polyketides";"Lignans and neolignans";1;1;5;5;12;0.0833333333333333
"Mixed organs";"Phenylpropanoids and polyketides";"Other phenolics";1;1;3;3;12;0.0833333333333333
"Mixed organs";"Phenylpropanoids and polyketides";"Other/unspecified flavonoids";2;2;20;20;12;0.166666666666667
"Mixed organs";"Phenylpropanoids and polyketides";"Phenolic acids and derivatives";1;1;1;1;12;0.0833333333333333
"Mixed organs";"Phenylpropanoids and polyketides";"Stilbenoids";1;1;1;1;12;0.0833333333333333
"Mixed organs";"Terpenoids and steroids";"Carotenoids and apocarotenoids";1;1;1;1;12;0.0833333333333333
"Mixed organs";"Terpenoids and steroids";"Monoterpenoids";1;1;2;2;12;0.0833333333333333
"Mixed organs";"Terpenoids and steroids";"Sesquiterpenoids";1;1;1;1;12;0.0833333333333333
"Mixed organs";"Terpenoids and steroids";"Steroids and sterols";3;4;13;15;12;0.25
"Mixed organs";"Terpenoids and steroids";"Tocochromanols";1;1;5;5;12;0.0833333333333333
"Mixed organs";"Terpenoids and steroids";"Triterpenoids";1;1;2;2;12;0.0833333333333333
"Mixed organs";"Vitamins and cofactors";"Vitamins/cofactors";1;1;1;1;12;0.0833333333333333
"Other/unclear";"Alkaloids and nitrogen compounds";"Other alkaloids/nitrogen compounds";1;1;3;3;7;0.142857142857143
"Other/unclear";"Alkaloids and nitrogen compounds";"Piperidine alkaloids";1;1;1;1;7;0.142857142857143
"Other/unclear";"Carbohydrates";"Sugars and carbohydrate derivatives";1;1;1;1;7;0.142857142857143
"Other/unclear";"Lipids and lipid-like molecules";"Fatty acids and derivatives";1;1;8;9;7;0.142857142857143
"Other/unclear";"Lipids and lipid-like molecules";"Other lipids";1;1;1;1;7;0.142857142857143
"Other/unclear";"Phenylpropanoids and polyketides";"Anthocyanins";1;1;4;4;7;0.142857142857143
"Other/unclear";"Phenylpropanoids and polyketides";"Flavanols and flavans";2;3;2;3;7;0.285714285714286
"Other/unclear";"Phenylpropanoids and polyketides";"Flavones";2;3;2;4;7;0.285714285714286
"Other/unclear";"Phenylpropanoids and polyketides";"Flavonols";1;1;1;1;7;0.142857142857143
"Other/unclear";"Phenylpropanoids and polyketides";"Other/unspecified flavonoids";1;1;2;2;7;0.142857142857143
"Other/unclear";"Phenylpropanoids and polyketides";"Phenolic acids and derivatives";2;4;9;10;7;0.285714285714286
"Other/unclear";"Terpenoids and steroids";"Diterpenoids";2;2;2;2;7;0.285714285714286
"Other/unclear";"Terpenoids and steroids";"Other terpenoids";1;1;2;2;7;0.142857142857143
"Root";"Alkaloids and nitrogen compounds";"Other alkaloids/nitrogen compounds";1;1;3;3;5;0.2
"Root";"Alkaloids and nitrogen compounds";"Piperidine alkaloids";1;1;1;1;5;0.2
"Root";"Carbohydrates";"Sugars and carbohydrate derivatives";1;2;7;7;5;0.2
"Root";"Phenylpropanoids and polyketides";"Flavonols";1;1;3;3;5;0.2
"Root";"Phenylpropanoids and polyketides";"Lignans and neolignans";1;1;1;1;5;0.2
"Root";"Phenylpropanoids and polyketides";"Phenolic acids and derivatives";3;4;6;8;5;0.6
"Root";"Terpenoids and steroids";"Steroids and sterols";1;1;5;5;5;0.2
"Root";"Terpenoids and steroids";"Triterpenoids";2;3;13;13;5;0.4
"Sap/exudate/resin";"Carbohydrates";"Sugars and carbohydrate derivatives";1;1;3;3;2;0.5
"Sap/exudate/resin";"Phenylpropanoids and polyketides";"Flavanols and flavans";0;1;10;10;2;0
"Sap/exudate/resin";"Phenylpropanoids and polyketides";"Other/unspecified flavonoids";1;2;8;8;2;0.5
"Seed";"Alkaloids and nitrogen compounds";"Other alkaloids/nitrogen compounds";3;9;17;30;71;0.0422535211267606
"Seed";"Alkaloids and nitrogen compounds";"Piperidine alkaloids";2;6;4;8;71;0.028169014084507
"Seed";"Amino acids and peptides";"Amino acids and derivatives";1;1;1;1;71;0.0140845070422535
"Seed";"Amino acids and peptides";"Proteins/peptides";1;1;1;1;71;0.0140845070422535
"Seed";"Carbohydrates";"Polysaccharides";4;4;6;6;71;0.0563380281690141
"Seed";"Carbohydrates";"Sugars and carbohydrate derivatives";4;4;7;8;71;0.0563380281690141
"Seed";"Lipids and lipid-like molecules";"Fatty acid esters";2;2;22;27;71;0.028169014084507
"Seed";"Lipids and lipid-like molecules";"Fatty acids and derivatives";58;25;40;671;71;0.816901408450704
"Seed";"Lipids and lipid-like molecules";"Hydrocarbons";2;2;4;4;71;0.028169014084507
"Seed";"Lipids and lipid-like molecules";"Other lipids";2;2;3;3;71;0.028169014084507
"Seed";"Other specialized metabolites";"Plant hormone";1;1;2;2;71;0.0140845070422535
"Seed";"Other specialized metabolites";"Volatile organic compounds";2;2;36;38;71;0.028169014084507
"Seed";"Phenylpropanoids and polyketides";"Anthocyanins";3;5;5;7;71;0.0422535211267606
"Seed";"Phenylpropanoids and polyketides";"Coumarins";1;1;1;1;71;0.0140845070422535
"Seed";"Phenylpropanoids and polyketides";"Flavanols and flavans";9;11;7;19;71;0.126760563380282
"Seed";"Phenylpropanoids and polyketides";"Flavanones";2;2;5;5;71;0.028169014084507
"Seed";"Phenylpropanoids and polyketides";"Flavones";6;5;8;10;71;0.0845070422535211
"Seed";"Phenylpropanoids and polyketides";"Flavonols";8;4;4;9;71;0.112676056338028
"Seed";"Phenylpropanoids and polyketides";"Lignans and neolignans";3;3;3;3;71;0.0422535211267606
"Seed";"Phenylpropanoids and polyketides";"Other phenolics";7;8;14;14;71;0.0985915492957746
"Seed";"Phenylpropanoids and polyketides";"Other/unspecified flavonoids";1;1;1;1;71;0.0140845070422535
"Seed";"Phenylpropanoids and polyketides";"Phenolic acids and derivatives";16;11;19;42;71;0.225352112676056
"Seed";"Phenylpropanoids and polyketides";"Proanthocyanidins";4;5;17;23;71;0.0563380281690141
"Seed";"Phenylpropanoids and polyketides";"Stilbenoids";4;5;11;13;71;0.0563380281690141
"Seed";"Terpenoids and steroids";"Carotenoids and apocarotenoids";4;2;15;21;71;0.0563380281690141
"Seed";"Terpenoids and steroids";"Diterpenoids";1;1;1;1;71;0.0140845070422535
"Seed";"Terpenoids and steroids";"Monoterpenoids";3;3;7;7;71;0.0422535211267606
"Seed";"Terpenoids and steroids";"Other terpenoids";3;3;22;22;71;0.0422535211267606
"Seed";"Terpenoids and steroids";"Sesquiterpenoids";1;1;1;1;71;0.0140845070422535
"Seed";"Terpenoids and steroids";"Steroids and sterols";4;4;15;17;71;0.0563380281690141
"Seed";"Terpenoids and steroids";"Tocochromanols";7;2;7;33;71;0.0985915492957746
"Seed";"Terpenoids and steroids";"Triterpenoids";3;3;2;3;71;0.0422535211267606
"Seed";"Vitamins and cofactors";"Vitamins/cofactors";1;1;1;1;71;0.0140845070422535
"Stem/shoot";"Alkaloids and nitrogen compounds";"Other alkaloids/nitrogen compounds";1;1;2;2;8;0.125
"Stem/shoot";"Alkaloids and nitrogen compounds";"Piperidine alkaloids";1;1;1;1;8;0.125
"Stem/shoot";"Carbohydrates";"Polysaccharides";2;2;4;4;8;0.25
"Stem/shoot";"Phenylpropanoids and polyketides";"Flavanones";1;1;2;2;8;0.125
"Stem/shoot";"Phenylpropanoids and polyketides";"Flavones";1;1;1;1;8;0.125
"Stem/shoot";"Phenylpropanoids and polyketides";"Flavonols";2;2;8;8;8;0.25
"Stem/shoot";"Phenylpropanoids and polyketides";"Other phenolics";1;1;5;5;8;0.125
"Stem/shoot";"Phenylpropanoids and polyketides";"Other/unspecified flavonoids";2;2;4;4;8;0.25
"Stem/shoot";"Phenylpropanoids and polyketides";"Phenolic acids and derivatives";2;3;3;4;8;0.25
"Stem/shoot";"Phenylpropanoids and polyketides";"Stilbenoids";1;1;1;1;8;0.125
"Stem/shoot";"Terpenoids and steroids";"Saponins";2;2;6;7;8;0.25
"Stem/shoot";"Terpenoids and steroids";"Steroids and sterols";1;1;3;3;8;0.125
"Whole/aerial plant";"Carbohydrates";"Sugars and carbohydrate derivatives";2;2;3;6;4;0.5
"Whole/aerial plant";"Lipids and lipid-like molecules";"Fatty acids and derivatives";1;1;1;1;4;0.25
"Whole/aerial plant";"Other primary metabolites";"Organic acids";1;1;1;1;4;0.25
"Whole/aerial plant";"Other specialized metabolites";"Plant hormone";1;1;1;1;4;0.25
"Whole/aerial plant";"Phenylpropanoids and polyketides";"Anthocyanins";2;2;1;2;4;0.5
"Whole/aerial plant";"Phenylpropanoids and polyketides";"Flavones";3;3;11;12;4;0.75
"Whole/aerial plant";"Phenylpropanoids and polyketides";"Flavonols";2;2;2;4;4;0.5
"Whole/aerial plant";"Phenylpropanoids and polyketides";"Lignans and neolignans";1;1;2;2;4;0.25
"Whole/aerial plant";"Phenylpropanoids and polyketides";"Other phenolics";2;2;2;3;4;0.5
"Whole/aerial plant";"Phenylpropanoids and polyketides";"Other/unspecified flavonoids";2;2;7;10;4;0.5
"Whole/aerial plant";"Phenylpropanoids and polyketides";"Stilbenoids";2;2;2;2;4;0.5
"Whole/aerial plant";"Terpenoids and steroids";"Carotenoids and apocarotenoids";1;1;1;1;4;0.25
"Whole/aerial plant";"Terpenoids and steroids";"Other terpenoids";1;1;1;1;4;0.25
"Whole/aerial plant";"Terpenoids and steroids";"Saponins";1;1;2;2;4;0.25
"Whole/aerial plant";"Terpenoids and steroids";"Steroids and sterols";3;3;7;9;4;0.75
