"Figure";"PDF";"SVG";"PNG";"PDF_bytes";"SVG_bytes";"PNG_bytes"
"Figure_01_taxonomic_and_geographic_coverage";"G:/Meu Drive/ARTIGOS/2026/Arecaceae/results/figures/main/Figure_01_taxonomic_and_geographic_coverage.pdf";"G:/Meu Drive/ARTIGOS/2026/Arecaceae/results/figures/main/Figure_01_taxonomic_and_geographic_coverage.svg";"G:/Meu Drive/ARTIGOS/2026/Arecaceae/results/figures/main/Figure_01_taxonomic_and_geographic_coverage.png";3399539;10815876;1586494
"Figure_02_phylogenetic_research_coverage";"G:/Meu Drive/ARTIGOS/2026/Arecaceae/results/figures/main/Figure_02_phylogenetic_research_coverage.pdf";"G:/Meu Drive/ARTIGOS/2026/Arecaceae/results/figures/main/Figure_02_phylogenetic_research_coverage.svg";"G:/Meu Drive/ARTIGOS/2026/Arecaceae/results/figures/main/Figure_02_phylogenetic_research_coverage.png";30683;1996;212010
"Figure_03_research_selection";"G:/Meu Drive/ARTIGOS/2026/Arecaceae/results/figures/main/Figure_03_research_selection.pdf";"G:/Meu Drive/ARTIGOS/2026/Arecaceae/results/figures/main/Figure_03_research_selection.svg";"G:/Meu Drive/ARTIGOS/2026/Arecaceae/results/figures/main/Figure_03_research_selection.png";44934;27167;576308
"Figure_04_chemical_architecture";"G:/Meu Drive/ARTIGOS/2026/Arecaceae/results/figures/main/Figure_04_chemical_architecture.pdf";"G:/Meu Drive/ARTIGOS/2026/Arecaceae/results/figures/main/Figure_04_chemical_architecture.svg";"G:/Meu Drive/ARTIGOS/2026/Arecaceae/results/figures/main/Figure_04_chemical_architecture.png";45556;26581;1038112
"Figure_05_observation_filters";"G:/Meu Drive/ARTIGOS/2026/Arecaceae/results/figures/main/Figure_05_observation_filters.pdf";"G:/Meu Drive/ARTIGOS/2026/Arecaceae/results/figures/main/Figure_05_observation_filters.svg";"G:/Meu Drive/ARTIGOS/2026/Arecaceae/results/figures/main/Figure_05_observation_filters.png";60541;120267;1485506
"Figure_S01_evidence_screening_flow";"G:/Meu Drive/ARTIGOS/2026/Arecaceae/results/figures/supplementary/Figure_S01_evidence_screening_flow.pdf";"G:/Meu Drive/ARTIGOS/2026/Arecaceae/results/figures/supplementary/Figure_S01_evidence_screening_flow.svg";"G:/Meu Drive/ARTIGOS/2026/Arecaceae/results/figures/supplementary/Figure_S01_evidence_screening_flow.png";37343;10540;312386
"Figure_S02_effort_conditioned_deviations";"G:/Meu Drive/ARTIGOS/2026/Arecaceae/results/figures/supplementary/Figure_S02_effort_conditioned_deviations.pdf";"G:/Meu Drive/ARTIGOS/2026/Arecaceae/results/figures/supplementary/Figure_S02_effort_conditioned_deviations.svg";"G:/Meu Drive/ARTIGOS/2026/Arecaceae/results/figures/supplementary/Figure_S02_effort_conditioned_deviations.png";46673;15180;632570
"Figure_S03_effort_score_sensitivity";"G:/Meu Drive/ARTIGOS/2026/Arecaceae/results/figures/supplementary/Figure_S03_effort_score_sensitivity.pdf";"G:/Meu Drive/ARTIGOS/2026/Arecaceae/results/figures/supplementary/Figure_S03_effort_score_sensitivity.svg";"G:/Meu Drive/ARTIGOS/2026/Arecaceae/results/figures/supplementary/Figure_S03_effort_score_sensitivity.png";52209;110328;962869
"Figure_S04_two_article_rarefaction";"G:/Meu Drive/ARTIGOS/2026/Arecaceae/results/figures/supplementary/Figure_S04_two_article_rarefaction.pdf";"G:/Meu Drive/ARTIGOS/2026/Arecaceae/results/figures/supplementary/Figure_S04_two_article_rarefaction.svg";"G:/Meu Drive/ARTIGOS/2026/Arecaceae/results/figures/supplementary/Figure_S04_two_article_rarefaction.png";39468;29981;431751
