"Genus_current";"PalmSubfamily";"Reference"
"Acanthorhiza";"Coryphoideae";"Dransfield et al. (2008), Genera Palmarum 2; Baker & Dransfield (2016), DOI 10.1111/boj.12401"
"Butyagrus";"Arecoideae";"Dransfield et al. (2008), Genera Palmarum 2; Baker & Dransfield (2016), DOI 10.1111/boj.12401"
"Ceratolobus";"Calamoideae";"Dransfield et al. (2008), Genera Palmarum 2; Baker & Dransfield (2016), DOI 10.1111/boj.12401"
"Klopstockia";"Arecoideae";"Dransfield et al. (2008), Genera Palmarum 2; Baker & Dransfield (2016), DOI 10.1111/boj.12401"
"Martinezia";"Arecoideae";"Dransfield et al. (2008), Genera Palmarum 2; Baker & Dransfield (2016), DOI 10.1111/boj.12401"
"Nephrosperma";"Arecoideae";"Dransfield et al. (2008), Genera Palmarum 2; Baker & Dransfield (2016), DOI 10.1111/boj.12401"
"Sabinaria";"Coryphoideae";"Bernal & Galeano (2013), DOI 10.11646/phytotaxa.144.2.1"
"Truongsonia";"Arecoideae";"Sam et al. (2023), DOI 10.11646/phytotaxa.613.3.1"
"Wallaceodoxa";"Arecoideae";"Heatubun et al. (2014), DOI 10.1007/s12225-014-9525-x"
